01/01/09,0,0,43,18
01/02/09,0,0,49,33
01/03/09,0.23,0,55,32
01/04/09,0.07,0,61,35
01/05/09,0,0,36,27
01/06/09,0.47,0,41,33
01/07/09,0.02,0,41,31
01/08/09,0,0,34,22
01/09/09,0,0,47,20
01/10/09,0.29,0,51,32
01/11/09,0,0,33,30
01/12/09,0,0,40,28
01/13/09,0.02,0,42,15
01/14/09,0,0,40,15
01/15/09,0,0,15,4
01/16/09,0,0,18,-1
01/17/09,0,0,39,9
01/18/09,0.04,1.3,38,29
01/19/09,0.01,0.2,29,18
01/20/09,0,0,28,13
01/21/09,0,0,35,13
01/22/09,0,0,53,26
01/23/09,0,0,61,33
01/24/09,0,0,34,22
01/25/09,0.01,0.2,24,15
01/26/09,0,0,28,20
01/27/09,1.64,4.1,32,24
01/28/09,0.83,3.2,33,22
01/29/09,0,0.1,29,22
01/30/09,0,0.4,30,19
01/31/09,0,0,42,11
02/01/09,0,0,54,38
02/02/09,0,0,42,27
02/03/09,0,0.4,28,14
02/04/09,0,0,23,11
02/05/09,0,0,33,8
02/06/09,0,0,57,32
02/07/09,0,0,64,51
02/08/09,0,0,65,43
02/09/09,0,0,70,39
02/10/09,0.47,0,64,55
02/11/09,0.36,0,66,47
02/12/09,0,0,55,38
02/13/09,0,0,47,35
02/14/09,0,0,48,36
02/15/09,0,0,44,30
02/16/09,0,0,40,26
02/17/09,0,0,51,24
02/18/09,0.19,0,65,38
02/19/09,0,0,38,21
02/20/09,0,0,37,19
02/21/09,0.29,0.9,50,26
02/22/09,0,0,30,22
02/23/09,0,0,35,18
02/24/09,0,0,45,24
02/25/09,0,0,60,35
02/26/09,0.2,0,66,49
02/27/09,0.69,0,65,35
02/28/09,0,0,36,31
03/01/09,0,0,40,23
03/02/09,0,0,31,17
03/03/09,0,0,33,16
03/04/09,0,0,54,27
03/05/09,0,0,68,38
03/06/09,0,0,66,58
03/07/09,0,0,76,55
03/08/09,0,0,71,54
03/09/09,0,0,63,39
03/10/09,0,0,78,52
03/11/09,0.24,0,72,34
03/12/09,0,0,37,29
03/13/09,0,0,51,33
03/14/09,0.1,0,47,39
03/15/09,0,0,58,45
03/16/09,0,0,64,52
03/17/09,0,0,73,42
03/18/09,0,0,76,47
03/19/09,0.25,0,61,43
03/20/09,0,0,52,33
03/21/09,0,0,61,35
03/22/09,0,0,68,38
03/23/09,0,0,70,52
03/24/09,0,0,75,50
03/25/09,0.28,0,64,51
03/26/09,0.15,0,61,47
03/27/09,0,0,62,46
03/28/09,0.3,0,64,45
03/29/09,0.01,0,45,37
03/30/09,0,0,60,32
03/31/09,0.03,0,65,47
04/01/09,0.05,0,65,41
04/02/09,0.61,0,76,44
04/03/09,0.4,0,60,45
04/04/09,0,0,64,37
04/05/09,0.18,0,76,49
04/06/09,0.03,0,52,36
04/07/09,0,0,48,35
04/08/09,0,0,61,35
04/09/09,0.02,0,67,36
04/10/09,0.41,0,63,50
04/11/09,0,0,60,44
04/12/09,0,0,61,39
04/13/09,0.6,0,71,47
04/14/09,0.1,0,56,45
04/15/09,0,0,50,43
04/16/09,0,0,64,47
04/17/09,0,0,75,41
04/18/09,0,0,78,48
04/19/09,1.23,0,65,55
04/20/09,0.14,0,63,49
04/21/09,0.01,0,53,43
04/22/09,0,0,68,40
04/23/09,0,0,72,45
04/24/09,0,0,87,62
04/25/09,0,0,87,70
04/26/09,0,0,88,62
04/27/09,0,0,86,69
04/28/09,0.31,0,76,63
04/29/09,0.25,0,78,64
04/30/09,0.09,0,78,64
05/01/09,0.46,0,76,53
05/02/09,0.07,0,62,51
05/03/09,0.26,0,65,55
05/04/09,0.04,0,66,55
05/05/09,0,0,74,58
05/06/09,0.71,0,65,60
05/07/09,0,0,75,58
05/08/09,1.53,0,73,63
05/09/09,0,0,72,57
05/10/09,0.05,0,72,51
05/11/09,0,0,72,54
05/12/09,0,0,72,48
05/13/09,0.04,0,76,58
05/14/09,0.31,0,75,62
05/15/09,0.08,0,84,56
05/16/09,0.36,0,78,57
05/17/09,0,0,65,51
05/18/09,0,0,68,43
05/19/09,0,0,77,47
05/20/09,0,0,82,51
05/21/09,0,0,85,57
05/22/09,0,0,87,61
05/23/09,0.02,0,86,65
05/24/09,0,0,82,67
05/25/09,0.5,0,80,70
05/26/09,0.02,0,83,66
05/27/09,0.08,0,81,67
05/28/09,0.06,0,81,66
05/29/09,0,0,76,61
05/30/09,0,0,80,62
05/31/09,0,0,80,64
06/01/09,0,0,89,59
06/02/09,0,0,89,68
06/03/09,0.02,0,80,61
06/04/09,0.2,0,62,56
06/05/09,0,0,76,52
06/06/09,0,0,80,52
06/07/09,0,0,84,59
06/08/09,0,0,84,67
06/09/09,0,0,86,69
06/10/09,1.05,0,78,67
06/11/09,2.67,0,82,66
06/12/09,0,0,76,66
06/13/09,0,0,82,63
06/14/09,0.39,0,84,66
06/15/09,0.89,0,81,68
06/16/09,0.16,0,81,68
06/17/09,0,0,90,66
06/18/09,1.14,0,84,65
06/19/09,0,0,91,73
06/20/09,0,0,90,73
06/21/09,0.2,0,88,75
06/22/09,0.82,0,90,70
06/23/09,0,0,89,74
06/24/09,0,0,91,71
06/25/09,0.35,0,92,75
06/26/09,1.33,0,92,70
06/27/09,0,0,91,74
06/28/09,0,0,87,69
06/29/09,0,0,86,66
06/30/09,0,0,80,66
07/01/09,0,0,73,62
07/02/09,0,0,71,65
07/03/09,0,0,80,62
07/04/09,0.23,0,73,66
07/05/09,0.11,0,74,65
07/06/09,0,0,84,62
07/07/09,0,0,86,64
07/08/09,0.01,0,86,66
07/09/09,0,0,87,70
07/10/09,0,0,89,70
07/11/09,0,0,84,75
07/12/09,0,0,86,71
07/13/09,0,0,85,67
07/14/09,0,0,85,64
07/15/09,0.44,0,82,70
07/16/09,0,0,85,74
07/17/09,0.48,0,78,65
07/18/09,0,0,70,60
07/19/09,0,0,73,56
07/20/09,0,0,80,58
07/21/09,0,0,81,60
07/22/09,1.21,0,73,65
07/23/09,0,0,81,67
07/24/09,0,0,83,64
07/25/09,0.22,0,84,66
07/26/09,0,0,84,68
07/27/09,0,0,85,65
07/28/09,0.16,0,82,68
07/29/09,2.81,0,82,68
07/30/09,0.22,0,84,68
07/31/09,0.13,0,83,68
08/01/09,0.01,0,83,66
08/02/09,0,0,80,67
08/03/09,0,0,84,61
08/04/09,4.53,0,76,66
08/05/09,0,0,82,67
08/06/09,0,0,83,67
08/07/09,0,0,82,64
08/08/09,0,0,89,68
08/09/09,0,0,91,73
08/10/09,0.78,0,91,72
08/11/09,0.01,0,86,70
08/12/09,0,0,85,68
08/13/09,0,0,87,68
08/14/09,0,0,87,68
08/15/09,0,0,90,71
08/16/09,0,0,91,73
08/17/09,0,0,89,73
08/18/09,0,0,87,74
08/19/09,0,0,89,74
08/20/09,0.43,0,87,72
08/21/09,0,0,83,66
08/22/09,0.02,0,75,63
08/23/09,0,0,77,61
08/24/09,0,0,79,57
08/25/09,0,0,86,61
08/26/09,0,0,89,67
08/27/09,0,0,90,69
08/28/09,0,0,85,69
08/29/09,0.1,0,81,67
08/30/09,0,0,76,59
08/31/09,0,0,75,55
09/01/09,0,0,77,53
09/02/09,0,0,82,58
09/03/09,0.05,0,82,66
09/04/09,0,0,84,65
09/05/09,0,0,86,63
09/06/09,0.1,0,81,67
09/07/09,0.13,0,81,66
09/08/09,0,0,82,64
09/09/09,0,0,84,65
09/10/09,0,0,82,63
09/11/09,0,0,85,65
09/12/09,0,0,81,60
09/13/09,0,0,82,58
09/14/09,0,0,86,57
09/15/09,0,0,84,61
09/16/09,0,0,86,65
09/17/09,0.01,0,82,59
09/18/09,0,0,79,65
09/19/09,0,0,82,65
09/20/09,3.95,0,77,67
09/21/09,0.02,0,81,69
09/22/09,0.43,0,85,69
09/23/09,0.07,0,77,70
09/24/09,0.47,0,76,69
09/25/09,0.07,0,77,68
09/26/09,0.39,0,76,61
09/27/09,0.01,0,74,57
09/28/09,0,0,72,56
09/29/09,0,0,58,50
09/30/09,0,0,66,51
10/01/09,0,0,68,49
10/02/09,1.04,0,69,58
10/03/09,0,0,66,53
10/04/09,0,0,64,48
10/05/09,0,0,71,47
10/06/09,0.23,0,66,53
10/07/09,0,0,65,48
10/08/09,0.91,0,62,49
10/09/09,1.4,0,67,55
10/10/09,0,0,61,47
10/11/09,0,0,62,42
10/12/09,0,0,67,46
10/13/09,0,0,62,53
10/14/09,0.6,0,53,44
10/15/09,0.21,0,51,46
10/16/09,0.02,0,47,43
10/17/09,0,0,52,40
10/18/09,0,0,56,33
10/19/09,0,0,63,36
10/20/09,0,0,70,43
10/21/09,0,0,68,44
10/22/09,0,0,69,50
10/23/09,0.53,0,73,58
10/24/09,0,0,59,43
10/25/09,0,0,64,38
10/26/09,0,0,69,40
10/27/09,1.16,0,55,47
10/28/09,0.02,0,60,54
10/29/09,0,0,68,47
10/30/09,0.69,0,81,54
10/31/09,0.19,0,54,42
11/01/09,0,0,56,37
11/02/09,0,0,65,38
11/03/09,0,0,58,39
11/04/09,0,0,63,38
11/05/09,0,0,57,38
11/06/09,0,0,62,34
11/07/09,0,0,74,48
11/08/09,0,0,74,50
11/09/09,0,0,74,50
11/10/09,0,0,68,53
11/11/09,0,0,62,44
11/12/09,0,0,60,36
11/13/09,0,0,63,36
11/14/09,0,0,69,40
11/15/09,0,0,64,47
11/16/09,0.01,0,67,49
11/17/09,0.88,0,55,46
11/18/09,0,0,54,45
11/19/09,0,0,54,45
11/20/09,0,0,59,38
11/21/09,0,0,62,40
11/22/09,0,0,60,38
11/23/09,0,0,56,48
11/24/09,0,0,59,51
11/25/09,0,0,54,45
11/26/09,0.01,0,49,36
11/27/09,0,0,44,34
11/28/09,0,0,63,31
11/29/09,0.06,0,60,46
11/30/09,0.09,0,53,33
12/01/09,0,0,52,30
12/02/09,0.32,0,50,38
12/03/09,0,0,43,35
12/04/09,0,0,38,26
12/05/09,0,0,35,25
12/06/09,0,0,38,20
12/07/09,0.03,0.1,40,29
12/08/09,1.3,0,50,36
12/09/09,0.02,0,58,25
12/10/09,0,0,28,21
12/11/09,0,0,38,21
12/12/09,0,0,45,20
12/13/09,0.24,0,47,39
12/14/09,0,0,64,44
12/15/09,0,0,50,24
12/16/09,0,0,35,19
12/17/09,0,0,47,24
12/18/09,0.17,0,43,33
12/19/09,0.32,0,40,33
12/20/09,0.01,0.1,37,32
12/21/09,0,0,36,32
12/22/09,0,0,49,34
12/23/09,0,0,52,39
12/24/09,0.03,0,56,43
12/25/09,0.24,0,52,34
12/26/09,0,0,43,29
12/27/09,0.01,0.1,39,22
12/28/09,0,0,32,21
12/29/09,0,0,35,22
12/30/09,0.08,0,44,29
12/31/09,0.08,0,43,31
01/01/10,0,0,31,16
01/02/10,0,0,24,12
01/03/10,0,0,27,7
01/04/10,0,0,26,16
01/05/10,0,0,25,12
01/06/10,0,0,24,16
01/07/10,0.15,2.9,29,11
01/08/10,0,0,19,11
01/09/10,0,0,24,16
01/10/10,0,0,26,17
01/11/10,0,0,29,18
01/12/10,0,0,33,20
01/13/10,0,0,39,17
01/14/10,0,0,51,23
01/15/10,0,0,51,41
01/16/10,0,0,57,37
01/17/10,0.27,0,46,36
01/18/10,0,0,37,30
01/19/10,0,0,49,30
01/20/10,0.58,0,40,37
01/21/10,0.87,0,47,37
01/22/10,0,0,46,43
01/23/10,0,0,55,43
01/24/10,0.81,0,54,45
01/25/10,0.01,0,44,33
01/26/10,0.03,0.6,35,23
01/27/10,0,0,40,21
01/28/10,0,0,41,20
01/29/10,0.01,0.3,23,17
01/30/10,0.13,3.3,31,17
01/31/10,0,0,33,8
02/01/10,0,0,41,18
02/02/10,0,0,45,31
02/03/10,0,0,43,28
02/04/10,0,0,42,27
02/05/10,1.12,0,39,33
02/06/10,0.08,0.7,33,22
02/07/10,0,0,26,17
02/08/10,0.06,1,31,20
02/09/10,0.47,6.5,32,14
02/10/10,0,0,29,13
02/11/10,0,0,32,21
02/12/10,0,0,33,14
02/13/10,0,0,30,22
02/14/10,0.03,0.4,34,16
02/15/10,0.08,3.9,32,20
02/16/10,0,0.2,29,20
02/17/10,0,0,32,24
02/18/10,0,0,37,21
02/19/10,0,0,45,22
02/20/10,0.02,0,54,32
02/21/10,0,0,63,37
02/22/10,0.01,0,56,36
02/23/10,0,0,38,33
02/24/10,0.03,1,33,24
02/25/10,0,0,35,23
02/26/10,0,0,41,21
02/27/10,0.01,0.2,36,27
02/28/10,0,0,39,32
03/01/10,0,0,41,36
03/02/10,0,0,43,29
03/03/10,0,0,39,28
03/04/10,0,0,49,27
03/05/10,0,0,51,26
03/06/10,0,0,52,27
03/07/10,0,0,61,27
03/08/10,0,0,64,39
03/09/10,0,0,66,38
03/10/10,0,0,72,54
03/11/10,0,0,69,53
03/12/10,0.23,0,56,47
03/13/10,0.01,0,51,45
03/14/10,0.07,0,45,40
03/15/10,0,0,50,42
03/16/10,0,0,60,44
03/17/10,0,0,61,49
03/18/10,0,0,68,40
03/19/10,0,0,69,40
03/20/10,0,0,70,43
03/21/10,0.4,0,69,48
03/22/10,0.06,0,51,41
03/23/10,0,0,61,39
03/24/10,0,0,70,42
03/25/10,0.28,0,61,42
03/26/10,0.02,0,50,33
03/27/10,0,0,66,32
03/28/10,0.1,0,60,47
03/29/10,0,0,55,39
03/30/10,0,0,64,36
03/31/10,0,0,79,43
04/01/10,0,0,84,55
04/02/10,0,0,85,59
04/03/10,0.04,0,71,53
04/04/10,0,0,79,46
04/05/10,0,0,85,63
04/06/10,0,0,87,68
04/07/10,0.21,0,78,61
04/08/10,0.85,0,61,46
04/09/10,0,0,61,42
04/10/10,0,0,71,39
04/11/10,0,0,77,44
04/12/10,0,0,79,50
04/13/10,0,0,83,52
04/14/10,0,0,84,55
04/15/10,0,0,86,59
04/16/10,0.26,0,83,59
04/17/10,0,0,65,47
04/18/10,0,0,63,39
04/19/10,0,0,67,42
04/20/10,0,0,67,50
04/21/10,0,0,72,45
04/22/10,0,0,74,49
04/23/10,0.26,0,73,58
04/24/10,1.83,0,72,59
04/25/10,0.17,0,70,56
04/26/10,0,0,56,53
04/27/10,0.35,0,62,46
04/28/10,0,0,66,39
04/29/10,0,0,75,45
04/30/10,0,0,83,60
05/01/10,1.32,0,75,63
05/02/10,3.44,0,70,65
05/03/10,0,0,78,59
05/04/10,0.02,0,79,58
05/05/10,0,0,87,57
05/06/10,0,0,79,63
05/07/10,0.29,0,88,60
05/08/10,0,0,61,48
05/09/10,0,0,63,42
05/10/10,0,0,65,46
05/11/10,0.07,0,78,56
05/12/10,0.69,0,81,66
05/13/10,0.2,0,85,68
05/14/10,0,0,82,67
05/15/10,0,0,79,61
05/16/10,0.82,0,68,62
05/17/10,0.09,0,72,60
05/18/10,0,0,65,58
05/19/10,0,0,65,57
05/20/10,0.01,0,72,55
05/21/10,1.12,0,80,63
05/22/10,0,0,81,62
05/23/10,0,0,90,62
05/24/10,0,0,89,70
05/25/10,0,0,87,69
05/26/10,0,0,89,69
05/27/10,0,0,92,67
05/28/10,0.09,0,88,71
05/29/10,0,0,90,69
05/30/10,0,0,90,71
05/31/10,0,0,85,72
06/01/10,0,0,90,70
06/02/10,0,0,89,72
06/03/10,0.04,0,88,69
06/04/10,0,0,90,69
06/05/10,0.04,0,90,75
06/06/10,0,0,82,70
06/07/10,0,0,84,64
06/08/10,0,0,86,70
06/09/10,2.03,0,83,72
06/10/10,0,0,88,69
06/11/10,0,0,88,75
06/12/10,0.35,0,93,74
06/13/10,0.05,0,92,74
06/14/10,0.16,0,94,73
06/15/10,0.66,0,94,73
06/16/10,0,0,89,72
06/17/10,0,0,90,69
06/18/10,0,0,93,73
06/19/10,0.71,0,90,71
06/20/10,0,0,94,71
06/21/10,0,0,95,80
06/22/10,0,0,93,76
06/23/10,0,0,94,80
06/24/10,0,0,90,76
06/25/10,0,0,91,70
06/26/10,0,0,95,73
06/27/10,0,0,94,79
06/28/10,0.35,0,89,73
06/29/10,0,0,87,70
06/30/10,0,0,83,65
07/01/10,0,0,83,63
07/02/10,0,0,86,64
07/03/10,0,0,92,66
07/04/10,0,0,93,76
07/05/10,0,0,94,74
07/06/10,0,0,96,72
07/07/10,0,0,97,75
07/08/10,0.12,0,96,77
07/09/10,0.5,0,87,75
07/10/10,0.01,0,90,73
07/11/10,0,0,93,72
07/12/10,0,0,88,74
07/13/10,1.38,0,88,70
07/14/10,0,0,94,73
07/15/10,0,0,96,76
07/16/10,0.02,0,95,77
07/17/10,0.04,0,93,74
07/18/10,0.01,0,91,76
07/19/10,0.09,0,93,73
07/20/10,1.01,0,91,72
07/21/10,0.57,0,90,75
07/22/10,0,0,94,76
07/23/10,0,0,96,81
07/24/10,0,0,96,80
07/25/10,0,0,94,82
07/26/10,0,0,90,78
07/27/10,0,0,92,78
07/28/10,0.2,0,93,78
07/29/10,0,0,93,76
07/30/10,0,0,87,67
07/31/10,1.26,0,89,66
08/01/10,0,0,92,72
08/02/10,0,0,95,74
08/03/10,0,0,95,75
08/04/10,0,0,102,83
08/05/10,0.26,0,91,76
08/06/10,0,0,90,73
08/07/10,0,0,90,68
08/08/10,0,0,93,69
08/09/10,0,0,99,73
08/10/10,0,0,100,81
08/11/10,0.05,0,96,81
08/12/10,0,0,100,78
08/13/10,0,0,100,79
08/14/10,1,0,99,77
08/15/10,0,0,96,76
08/16/10,0,0,88,73
08/17/10,0,0,89,68
08/18/10,0,0,88,74
08/19/10,0,0,91,70
08/20/10,0,0,94,71
08/21/10,0.73,0,90,74
08/22/10,0,0,91,75
08/23/10,0,0,87,69
08/24/10,0,0,85,69
08/25/10,0.02,0,89,69
08/26/10,0,0,83,64
08/27/10,0,0,87,61
08/28/10,0,0,95,64
08/29/10,0,0,96,73
08/30/10,0,0,95,76
08/31/10,0,0,92,71
09/01/10,0,0,95,70
09/02/10,0,0,98,70
09/03/10,0,0,85,65
09/04/10,0,0,78,59
09/05/10,0,0,82,52
09/06/10,0,0,93,58
09/07/10,0.02,0,98,68
09/08/10,0,0,87,67
09/09/10,0,0,84,59
09/10/10,0.03,0,75,62
09/11/10,0.02,0,84,67
09/12/10,0,0,85,62
09/13/10,0,0,92,58
09/14/10,0,0,92,67
09/15/10,0,0,95,63
09/16/10,0.04,0,89,70
09/17/10,0,0,82,60
09/18/10,0,0,93,59
09/19/10,0,0,92,64
09/20/10,0,0,92,66
09/21/10,0,0,98,69
09/22/10,0,0,99,73
09/23/10,0,0,97,69
09/24/10,0.01,0,96,70
09/25/10,0,0,83,59
09/26/10,0,0,76,56
09/27/10,0,0,74,53
09/28/10,0,0,75,53
09/29/10,0,0,80,51
09/30/10,0,0,86,52
10/01/10,0,0,76,54
10/02/10,0.08,0,77,47
10/03/10,0,0,63,48
10/04/10,0,0,65,46
10/05/10,0,0,70,44
10/06/10,0,0,78,46
10/07/10,0,0,84,58
10/08/10,0,0,87,51
10/09/10,0,0,89,50
10/10/10,0,0,91,52
10/11/10,0,0,90,55
10/12/10,0,0,83,62
10/13/10,0.36,0,79,59
10/14/10,0,0,70,49
10/15/10,0,0,71,53
10/16/10,0,0,74,44
10/17/10,0,0,85,48
10/18/10,0,0,83,55
10/19/10,0,0,69,53
10/20/10,0,0,73,45
10/21/10,0,0,71,50
10/22/10,0,0,71,40
10/23/10,0,0,81,50
10/24/10,0,0,82,64
10/25/10,0.03,0,77,63
10/26/10,0.57,0,80,51
10/27/10,0,0,78,50
10/28/10,0,0,68,47
10/29/10,0,0,59,36
10/30/10,0,0,70,35
10/31/10,0,0,67,45
11/01/10,0,0,61,41
11/02/10,0,0,62,41
11/03/10,0,0,54,48
11/04/10,0,0,59,42
11/05/10,0.02,0,50,37
11/06/10,0,0,50,31
11/07/10,0,0,59,30
11/08/10,0,0,73,39
11/09/10,0,0,76,41
11/10/10,0,0,75,42
11/11/10,0,0,77,42
11/12/10,0,0,76,41
11/13/10,0.06,0,74,47
11/14/10,0.05,0,55,37
11/15/10,0,0,50,32
11/16/10,1.07,0,49,43
11/17/10,0,0,57,42
11/18/10,0.07,0,47,43
11/19/10,0,0,56,44
11/20/10,0,0,63,38
11/21/10,0,0,71,50
11/22/10,0,0,76,63
11/23/10,0.32,0,71,39
11/24/10,0.69,0,47,35
11/25/10,2.19,0,67,33
11/26/10,0.02,0.1,40,27
11/27/10,0,0,47,32
11/28/10,0,0,51,27
11/29/10,0.31,0,64,35
11/30/10,1.16,0,59,34
12/01/10,0,0,35,29
12/02/10,0,0,37,27
12/03/10,0,0,42,28
12/04/10,0.29,1.6,35,31
12/05/10,0,0.1,33,26
12/06/10,0,0.2,26,18
12/07/10,0,0,30,15
12/08/10,0,0,33,13
12/09/10,0,0,38,16
12/10/10,0,0,52,34
12/11/10,0.19,0,52,34
12/12/10,0.18,2.4,44,22
12/13/10,0,0.2,23,15
12/14/10,0,0,25,6
12/15/10,0.04,0,28,11
12/16/10,0.3,0.1,32,27
12/17/10,0,0,29,26
12/18/10,0,0,30,21
12/19/10,0,0,32,21
12/20/10,0.03,0,37,28
12/21/10,0.02,0,40,34
12/22/10,0,0,37,28
12/23/10,0,0,41,24
12/24/10,0.05,0.5,35,29
12/25/10,0.03,0.8,31,28
12/26/10,0,0.3,30,24
12/27/10,0,0,31,20
12/28/10,0,0,39,16
12/29/10,0.05,0,39,27
12/30/10,0.48,0,56,39
12/31/10,0,0,68,52
01/01/11,0.52,0,62,27
01/02/11,0,0,35,22
01/03/11,0,0,43,19
01/04/11,0,0,47,26
01/05/11,0,0,38,21
01/06/11,0,0,44,27
01/07/11,0.02,0.3,34,27
01/08/11,0.01,0.6,27,12
01/09/11,0,0,32,10
01/10/11,0,0,33,25
01/11/11,0.11,3,31,22
01/12/11,0,0.1,24,19
01/13/11,0,0,26,19
01/14/11,0,0,38,21
01/15/11,0,0,45,30
01/16/11,0,0,34,28
01/17/11,0.03,0,42,24
01/18/11,0.38,0,46,37
01/19/11,0.01,0,37,32
01/20/11,0.27,3.6,32,22
01/21/11,0,0,22,8
01/22/11,0,0,28,6
01/23/11,0,0,28,24
01/24/11,0.02,0.6,40,24
01/25/11,0,0,43,33
01/26/11,0.09,1.8,33,28
01/27/11,0,0,37,29
01/28/11,0,0,42,31
01/29/11,0,0,56,29
01/30/11,0,0,50,31
01/31/11,0.02,0,38,30
02/01/11,0.95,0,54,35
02/02/11,0,0,50,23
02/03/11,0,0,31,20
02/04/11,0,0,40,21
02/05/11,0.17,0,40,33
02/06/11,0,0,50,32
02/07/11,0.29,1,42,30
02/08/11,0,0,30,18
02/09/11,0,0.1,24,16
02/10/11,0,0,30,10
02/11/11,0,0,38,14
02/12/11,0,0,49,28
02/13/11,0,0,61,33
02/14/11,0,0,54,37
02/15/11,0,0,54,30
02/16/11,0,0,70,38
02/17/11,0,0,65,53
02/18/11,0,0,71,43
02/19/11,0,0,60,34
02/20/11,0.05,0,67,41
02/21/11,0.16,0,68,39
02/22/11,0.01,0,44,34
02/23/11,0,0,52,29
02/24/11,2.31,0,50,42
02/25/11,0.28,0,43,34
02/26/11,0,0,42,34
02/27/11,0.22,0,68,37
02/28/11,1.25,0,71,34
03/01/11,0,0,53,31
03/02/11,0,0,58,32
03/03/11,0,0,62,35
03/04/11,0.05,0,65,52
03/05/11,0.76,0,58,38
03/06/11,0,0,41,35
03/07/11,0,0,47,34
03/08/11,0.78,0,60,39
03/09/11,2.27,0,57,46
03/10/11,0.01,0,47,37
03/11/11,0,0,51,34
03/12/11,0,0,70,43
03/13/11,0,0,56,39
03/14/11,0.81,0,45,39
03/15/11,0.24,0,51,43
03/16/11,0,0,61,42
03/17/11,0,0,78,43
03/18/11,0.09,0,79,50
03/19/11,0,0,63,46
03/20/11,0,0,79,49
03/21/11,0,0,82,67
03/22/11,0,0,81,58
03/23/11,0,0,79,52
03/24/11,0.01,0,52,38
03/25/11,0,0,44,38
03/26/11,0.14,0.3,47,32
03/27/11,0,0,49,31
03/28/11,0,0,53,35
03/29/11,0,0,50,40
03/30/11,0.01,0,45,36
03/31/11,0,0,50,35
04/01/11,0.06,0,57,34
04/02/11,0,0,64,40
04/03/11,0,0,81,43
04/04/11,0.78,0,76,45
04/05/11,0,0,57,41
04/06/11,0,0,74,41
04/07/11,0,0,76,51
04/08/11,0,0,85,64
04/09/11,0.65,0,82,62
04/10/11,0,0,90,62
04/11/11,2.37,0,78,58
04/12/11,1.29,0,64,50
04/13/11,0,0,70,44
04/14/11,0,0,73,46
04/15/11,0.32,0,68,56
04/16/11,0.13,0,60,43
04/17/11,0,0,73,42
04/18/11,0.01,0,79,60
04/19/11,0.1,0,84,65
04/20/11,0.53,0,65,48
04/21/11,0,0,64,43
04/22/11,0.56,0,73,52
04/23/11,2.34,0,72,61
04/24/11,1.07,0,72,59
04/25/11,0.35,0,78,62
04/26/11,0.07,0,75,62
04/27/11,3.1,0,71,58
04/28/11,0.24,0,69,47
04/29/11,0,0,69,52
04/30/11,0,0,79,51
05/01/11,1.01,0,75,63
05/02/11,1.59,0,64,48
05/03/11,0.76,0,60,47
05/04/11,0,0,58,40
05/05/11,0,0,66,40
05/06/11,0,0,71,50
05/07/11,0,0,72,51
05/08/11,0.15,0,80,59
05/09/11,0,0,84,60
05/10/11,0,0,86,66
05/11/11,0,0,90,68
05/12/11,0.03,0,88,70
05/13/11,0.02,0,80,66
05/14/11,0.21,0,74,57
05/15/11,0.2,0,57,54
05/16/11,0.03,0,61,50
05/17/11,0.02,0,55,49
05/18/11,0.09,0,59,51
05/19/11,0.01,0,76,56
05/20/11,0,0,81,62
05/21/11,0.82,0,87,65
05/22/11,0.01,0,88,64
05/23/11,1.42,0,88,65
05/24/11,0,0,81,65
05/25/11,1.01,0,89,63
05/26/11,0.43,0,78,58
05/27/11,0,0,62,56
05/28/11,0,0,82,57
05/29/11,0,0,93,69
05/30/11,0,0,94,74
05/31/11,0,0,94,75
06/01/11,0,0,92,75
06/02/11,0,0,89,67
06/03/11,0,0,87,70
06/04/11,0,0,95,68
06/05/11,0,0,86,70
06/06/11,0,0,91,67
06/07/11,0,0,93,70
06/08/11,0,0,94,74
06/09/11,0,0,93,75
06/10/11,0,0,94,75
06/11/11,0.46,0,88,69
06/12/11,0,0,81,68
06/13/11,0,0,81,64
06/14/11,0,0,78,65
06/15/11,0.74,0,79,61
06/16/11,0,0,88,66
06/17/11,0,0,88,69
06/18/11,1.15,0,80,67
06/19/11,0.68,0,82,66
06/20/11,0.57,0,91,70
06/21/11,0.34,0,89,72
06/22/11,2.51,0,84,66
06/23/11,0.22,0,85,68
06/24/11,0,0,78,67
06/25/11,0,0,84,63
06/26/11,0.3,0,77,67
06/27/11,0.17,0,85,68
06/28/11,0,0,86,72
06/29/11,0,0,86,65
06/30/11,0,0,88,64
07/01/11,0,0,88,70
07/02/11,0,0,91,72
07/03/11,0,0,91,72
07/04/11,0,0,86,71
07/05/11,0.03,0,89,73
07/06/11,0,0,90,73
07/07/11,0,0,91,72
07/08/11,0.45,0,84,73
07/09/11,0,0,89,71
07/10/11,0,0,92,71
07/11/11,0,0,97,77
07/12/11,1.05,0,97,72
07/13/11,0,0,91,73
07/14/11,0,0,87,72
07/15/11,0,0,90,69
07/16/11,0,0,88,75
07/17/11,0,0,90,76
07/18/11,0,0,93,76
07/19/11,0.77,0,94,73
07/20/11,0.05,0,95,73
07/21/11,0,0,96,81
07/22/11,0,0,95,77
07/23/11,0,0,94,81
07/24/11,0,0,94,79
07/25/11,0,0,91,78
07/26/11,0,0,94,74
07/27/11,0,0,94,77
07/28/11,0,0,98,77
07/29/11,0,0,95,79
07/30/11,0,0,94,77
07/31/11,0,0,96,75
08/01/11,0,0,96,73
08/02/11,0,0,96,74
08/03/11,0.02,0,96,79
08/04/11,0,0,93,71
08/05/11,0,0,90,72
08/06/11,0,0,86,77
08/07/11,1.34,0,93,74
08/08/11,0.61,0,92,73
08/09/11,0,0,89,73
08/10/11,0.26,0,87,71
08/11/11,0,0,83,65
08/12/11,0,0,86,63
08/13/11,1.1,0,88,66
08/14/11,0.04,0,81,67
08/15/11,0,0,83,66
08/16/11,0,0,84,64
08/17/11,0,0,89,65
08/18/11,0.05,0,92,70
08/19/11,0,0,84,70
08/20/11,0,0,91,69
08/21/11,0,0,92,74
08/22/11,0,0,87,67
08/23/11,0,0,90,64
08/24/11,0.04,0,97,73
08/25/11,0,0,91,75
08/26/11,0,0,89,67
08/27/11,0,0,90,66
08/28/11,0,0,88,70
08/29/11,0,0,87,64
08/30/11,0,0,88,60
08/31/11,0,0,96,67
09/01/11,0,0,100,74
09/02/11,0,0,101,75
09/03/11,0,0,102,75
09/04/11,0.12,0,85,69
09/05/11,0,0,69,61
09/06/11,0.3,0,66,56
09/07/11,0.02,0,65,58
09/08/11,0.05,0,63,57
09/09/11,0,0,69,60
09/10/11,0.05,0,81,60
09/11/11,0.05,0,82,61
09/12/11,0,0,86,61
09/13/11,0,0,93,63
09/14/11,0.14,0,86,60
09/15/11,0.05,0,68,51
09/16/11,0,0,71,51
09/17/11,0,0,78,52
09/18/11,0.14,0,77,60
09/19/11,0.53,0,68,65
09/20/11,0,0,75,65
09/21/11,0.02,0,81,68
09/22/11,0,0,80,59
09/23/11,0.85,0,72,54
09/24/11,0.04,0,69,53
09/25/11,1.32,0,71,59
09/26/11,2.04,0,71,57
09/27/11,0,0,72,56
09/28/11,0,0,72,52
09/29/11,0.01,0,81,54
09/30/11,0,0,66,50
10/01/11,0,0,63,43
10/02/11,0,0,68,41
10/03/11,0,0,75,44
10/04/11,0,0,79,49
10/05/11,0,0,82,50
10/06/11,0,0,85,58
10/07/11,0,0,85,55
10/08/11,0,0,82,57
10/09/11,0,0,76,54
10/10/11,0,0,82,58
10/11/11,0,0,75,56
10/12/11,0,0,72,61
10/13/11,0.41,0,69,59
10/14/11,0,0,71,52
10/15/11,0,0,67,50
10/16/11,0,0,84,48
10/17/11,0,0,70,52
10/18/11,0.09,0,61,48
10/19/11,0.19,0,49,41
10/20/11,0.28,0,48,41
10/21/11,0,0,61,39
10/22/11,0,0,65,36
10/23/11,0,0,65,40
10/24/11,0,0,72,46
10/25/11,0,0,77,41
10/26/11,0.89,0,67,57
10/27/11,0.53,0,57,43
10/28/11,0,0,51,37
10/29/11,0,0,60,31
10/30/11,0,0,62,32
10/31/11,0,0,64,43
11/01/11,0,0,70,35
11/02/11,0,0,71,43
11/03/11,0.65,0,55,46
11/04/11,0.01,0,60,45
11/05/11,0,0,62,35
11/06/11,0,0,64,41
11/07/11,0,0,72,45
11/08/11,0,0,75,50
11/09/11,0.05,0,67,45
11/10/11,0,0,51,37
11/11/11,0,0,52,31
11/12/11,0,0,65,47
11/13/11,0,0,72,56
11/14/11,0.57,0,76,60
11/15/11,0.91,0,62,54
11/16/11,0.66,0,58,40
11/17/11,0,0,48,31
11/18/11,0,0,52,27
11/19/11,0,0,66,43
11/20/11,0.48,0,64,52
11/21/11,0.23,0,61,52
11/22/11,0.97,0,67,48
11/23/11,0,0,50,45
11/24/11,0,0,51,39
11/25/11,0,0,65,37
11/26/11,0,0,71,47
11/27/11,1.02,0,65,43
11/28/11,1.88,0,50,42
11/29/11,0.19,0,46,36
11/30/11,0,0,45,33
12/01/11,0,0,49,27
12/02/11,0,0,54,31
12/03/11,0,0,63,37
12/04/11,0.56,0,60,50
12/05/11,2.33,0,52,43
12/06/11,0.01,0,43,37
12/07/11,0,0,42,31
12/08/11,0,0,46,27
12/09/11,0,0,48,28
12/10/11,0,0,37,23
12/11/11,0,0,43,20
12/12/11,0,0,52,26
12/13/11,0,0,52,37
12/14/11,0,0,66,47
12/15/11,0.39,0,65,40
12/16/11,0,0,41,32
12/17/11,0,0,43,27
12/18/11,0,0,53,28
12/19/11,0.01,0,54,42
12/20/11,0.09,0,60,42
12/21/11,0.45,0,62,49
12/22/11,0.55,0,49,44
12/23/11,0,0,45,36
12/24/11,0,0,44,31
12/25/11,0,0,54,34
12/26/11,0.02,0,45,29
12/27/11,0.8,0,41,35
12/28/11,0,0,43,31
12/29/11,0,0,56,33
12/30/11,0,0,60,47
12/31/11,0,0,52,42
01/01/12,0,0,59,33
01/02/12,0,0,34,20
01/03/12,0,0,31,17
01/04/12,0,0,48,25
01/05/12,0,0,56,30
01/06/12,0,0,64,43
01/07/12,0,0,58,37
01/08/12,0,0,51,29
01/09/12,0.01,0,54,37
01/10/12,0,0,56,30
01/11/12,1,0,53,43
01/12/12,0.09,0.1,46,19
01/13/12,0.01,0.9,24,17
01/14/12,0.03,0.8,33,17
01/15/12,0,0,37,20
01/16/12,0.01,0,59,28
01/17/12,0.47,0,63,32
01/18/12,0,0,36,28
01/19/12,0,0,43,26
01/20/12,0,0,37,26
01/21/12,0,0,34,28
01/22/12,0.06,0,59,29
01/23/12,0.68,0,60,42
01/24/12,0,0,46,30
01/25/12,0.25,0,40,30
01/26/12,1.5,0,58,39
01/27/12,0.02,0,40,36
01/28/12,0.01,0,45,32
01/29/12,0,0,52,27
01/30/12,0,0,61,29
01/31/12,0.01,0,63,50
02/01/12,0.01,0,65,51
02/02/12,0,0,59,39
02/03/12,0,0,61,35
02/04/12,0.42,0,52,43
02/05/12,0,0,48,32
02/06/12,0,0,52,28
02/07/12,0,0,52,29
02/08/12,0.06,0.4,39,32
02/09/12,0,0,38,31
02/10/12,0.02,0,37,32
02/11/12,0,0,34,19
02/12/12,0,0,38,17
02/13/12,0,0,38,21
02/14/12,0.21,1.3,39,32
02/15/12,0.09,0,51,33
02/16/12,0.17,0,51,39
02/17/12,0,0,54,31
02/18/12,0,0,53,33
02/19/12,0,0,42,29
02/20/12,0,0,50,24
02/21/12,0.07,0,53,36
02/22/12,0.09,0,61,38
02/23/12,0,0,70,40
02/24/12,0,0,59,35
02/25/12,0,0,41,29
02/26/12,0,0,56,24
02/27/12,0,0,63,41
02/28/12,0,0,67,34
02/29/12,0.54,0,70,56
03/01/12,0,0,62,44
03/02/12,0.33,0,74,40
03/03/12,0,0,52,31
03/04/12,0.22,0.7,48,29
03/05/12,0.29,2.8,37,28
03/06/12,0,0,70,29
03/07/12,0,0,71,51
03/08/12,0.69,0,64,39
03/09/12,0,0,55,36
03/10/12,0,0,57,31
03/11/12,0,0,71,35
03/12/12,0.15,0,66,56
03/13/12,0,0,78,61
03/14/12,0,0,82,53
03/15/12,0.76,0,83,60
03/16/12,0.4,0,68,56
03/17/12,1.3,0,78,55
03/18/12,0.07,0,82,58
03/19/12,0,0,84,61
03/20/12,0,0,85,65
03/21/12,0,0,85,64
03/22/12,0.02,0,81,64
03/23/12,1.76,0,75,57
03/24/12,0,0,65,51
03/25/12,0,0,71,50
03/26/12,0,0,68,48
03/27/12,0,0,71,40
03/28/12,0.13,0,81,60
03/29/12,0,0,73,52
03/30/12,0.1,0,83,54
03/31/12,0,0,67,50
04/01/12,1.23,0,77,49
04/02/12,0,0,72,61
04/03/12,0,0,85,58
04/04/12,0.27,0,81,58
04/05/12,0.11,0,64,45
04/06/12,0,0,63,38
04/07/12,0,0,69,41
04/08/12,0,0,68,50
04/09/12,0,0,69,44
04/10/12,0,0,61,44
04/11/12,0,0,56,35
04/12/12,0,0,62,34
04/13/12,0,0,67,40
04/14/12,0.11,0,76,54
04/15/12,0,0,82,62
04/16/12,0.17,0,73,55
04/17/12,0,0,64,51
04/18/12,0,0,71,46
04/19/12,0,0,76,46
04/20/12,0.12,0,79,52
04/21/12,0.2,0,52,46
04/22/12,0,0,59,42
04/23/12,0,0,63,39
04/24/12,0.05,0,65,44
04/25/12,0.01,0,77,50
04/26/12,0.09,0,83,52
04/27/12,0,0,65,41
04/28/12,0.55,0,81,51
04/29/12,0.03,0,79,51
04/30/12,0.46,0,84,62
05/01/12,0,0,85,64
05/02/12,0,0,89,71
05/03/12,0,0,84,68
05/04/12,0.12,0,86,67
05/05/12,1.46,0,83,65
05/06/12,0,0,87,68
05/07/12,0.01,0,85,66
05/08/12,0.01,0,76,61
05/09/12,0,0,73,56
05/10/12,0,0,70,50
05/11/12,0,0,76,50
05/12/12,0.19,0,74,58
05/13/12,1.89,0,64,60
05/14/12,0,0,75,61
05/15/12,0,0,80,57
05/16/12,0,0,83,59
05/17/12,0,0,77,58
05/18/12,0,0,84,54
05/19/12,0,0,88,64
05/20/12,0,0,89,66
05/21/12,0,0,80,64
05/22/12,0,0,79,58
05/23/12,0,0,83,60
05/24/12,0,0,86,64
05/25/12,0,0,91,73
05/26/12,0,0,91,70
05/27/12,0,0,93,71
05/28/12,0,0,92,73
05/29/12,3.17,0,85,68
05/30/12,0,0,83,63
05/31/12,1.02,0,84,58
06/01/12,0.3,0,67,55
06/02/12,0,0,73,51
06/03/12,0,0,84,58
06/04/12,0.2,0,74,62
06/05/12,0,0,78,57
06/06/12,0,0,75,54
06/07/12,0,0,82,57
06/08/12,0,0,86,59
06/09/12,0,0,88,62
06/10/12,0,0,84,69
06/11/12,0,0,85,70
06/12/12,0,0,86,68
06/13/12,0,0,83,60
06/14/12,0,0,85,61
06/15/12,0,0,91,62
06/16/12,0.02,0,90,71
06/17/12,0.25,0,82,72
06/18/12,0,0,90,71
06/19/12,0,0,92,71
06/20/12,0,0,92,71
06/21/12,0,0,92,73
06/22/12,0,0,89,73
06/23/12,0,0,90,67
06/24/12,0,0,94,73
06/25/12,0.02,0,91,72
06/26/12,0,0,83,61
06/27/12,0,0,90,64
06/28/12,0,0,103,67
06/29/12,0,0,105,78
06/30/12,0,0,104,75
07/01/12,0.05,0,103,74
07/02/12,0,0,100,73
07/03/12,0,0,97,73
07/04/12,0,0,102,76
07/05/12,0,0,104,78
07/06/12,0,0,103,76
07/07/12,0,0,106,80
07/08/12,0,0,97,73
07/09/12,0,0,86,73
07/10/12,0,0,95,70
07/11/12,0,0,96,72
07/12/12,0.14,0,89,73
07/13/12,0,0,84,71
07/14/12,1.13,0,89,72
07/15/12,0.01,0,93,73
07/16/12,0,0,94,75
07/17/12,0,0,97,77
07/18/12,0.03,0,99,75
07/19/12,0.83,0,99,73
07/20/12,0.44,0,89,73
07/21/12,0,0,88,67
07/22/12,0,0,94,69
07/23/12,0,0,97,77
07/24/12,0.26,0,99,76
07/25/12,0,0,100,78
07/26/12,0.02,0,99,77
07/27/12,1.09,0,96,71
07/28/12,0,0,89,69
07/29/12,0,0,89,68
07/30/12,0,0,91,70
07/31/12,0,0,96,74
08/01/12,0,0,95,75
08/02/12,0,0,97,68
08/03/12,0.32,0,85,73
08/04/12,0.02,0,91,77
08/05/12,0,0,88,75
08/06/12,0,0,92,72
08/07/12,0,0,95,72
08/08/12,0,0,96,71
08/09/12,0,0,90,75
08/10/12,0,0,82,68
08/11/12,0,0,84,59
08/12/12,0,0,87,58
08/13/12,0.12,0,78,65
08/14/12,0,0,85,70
08/15/12,0,0,89,67
08/16/12,0.79,0,91,65
08/17/12,0,0,84,67
08/18/12,0,0,83,60
08/19/12,0,0,84,61
08/20/12,0,0,85,60
08/21/12,0.02,0,84,62
08/22/12,0,0,87,60
08/23/12,0,0,91,62
08/24/12,0,0,95,64
08/25/12,0,0,94,68
08/26/12,0,0,92,69
08/27/12,0.19,0,92,73
08/28/12,0,0,92,70
08/29/12,0,0,92,67
08/30/12,0,0,94,66
08/31/12,0,0,91,75
09/01/12,0.99,0,88,74
09/02/12,1.02,0,80,74
09/03/12,0,0,83,75
09/04/12,0,0,90,74
09/05/12,0.93,0,92,70
09/06/12,0,0,88,69
09/07/12,0.39,0,91,68
09/08/12,0.59,0,76,60
09/09/12,0,0,79,57
09/10/12,0,0,80,58
09/11/12,0,0,82,59
09/12/12,0,0,84,62
09/13/12,0,0,84,65
09/14/12,0,0,84,62
09/15/12,0,0,77,55
09/16/12,0.01,0,79,60
09/17/12,0.04,0,70,67
09/18/12,0,0,71,54
09/19/12,0,0,71,45
09/20/12,0,0,79,49
09/21/12,0,0,78,58
09/22/12,0,0,76,50
09/23/12,0,0,67,42
09/24/12,0,0,70,42
09/25/12,0.58,0,75,55
09/26/12,1.05,0,81,64
09/27/12,0.02,0,78,65
09/28/12,0.21,0,79,62
09/29/12,0,0,76,53
09/30/12,0,0,75,53
10/01/12,1.12,0,65,57
10/02/12,0,0,69,60
10/03/12,0,0,76,55
10/04/12,0,0,79,56
10/05/12,0.07,0,77,45
10/06/12,0.1,0,59,40
10/07/12,0,0,58,40
10/08/12,0,0,59,41
10/09/12,0,0,65,39
10/10/12,0,0,60,40
10/11/12,0,0,64,35
10/12/12,0.01,0,68,47
10/13/12,0,0,75,44
10/14/12,0.01,0,77,59
10/15/12,0,0,66,47
10/16/12,0,0,70,42
10/17/12,0,0,77,52
10/18/12,0.3,0,69,53
10/19/12,0.03,0,58,49
10/20/12,0,0,56,47
10/21/12,0,0,74,42
10/22/12,0,0,80,57
10/23/12,0,0,81,60
10/24/12,0,0,81,61
10/25/12,0,0,81,56
10/26/12,0.75,0,70,45
10/27/12,0,0,56,43
10/28/12,0,0,52,42
10/29/12,0,0,57,39
10/30/12,0,0,46,41
10/31/12,0,0,54,38
11/01/12,0,0,59,34
11/02/12,0,0,57,43
11/03/12,0.14,0,50,39
11/04/12,0,0,54,35
11/05/12,0,0,51,31
11/06/12,0.02,0,54,36
11/07/12,0.04,0,50,39
11/08/12,0,0,56,34
11/09/12,0,0,65,33
11/10/12,0,0,74,48
11/11/12,0,0,72,53
11/12/12,0.47,0,65,34
11/13/12,0,0,49,29
11/14/12,0,0,49,30
11/15/12,0,0,51,29
11/16/12,0,0,54,31
11/17/12,0,0,61,31
11/18/12,0,0,65,32
11/19/12,0,0,64,35
11/20/12,0,0,65,43
11/21/12,0,0,65,44
11/22/12,0,0,68,37
11/23/12,0,0,59,32
11/24/12,0,0,38,24
11/25/12,0,0,56,28
11/26/12,0.06,0,50,33
11/27/12,0.02,0,46,30
11/28/12,0,0,48,27
11/29/12,0,0,54,27
11/30/12,0,0,61,45
12/01/12,0,0,66,48
12/02/12,0.08,0,66,59
12/03/12,0.02,0,75,63
12/04/12,0.38,0,67,48
12/05/12,0,0,57,39
12/06/12,0.08,0,51,33
12/07/12,1.8,0,58,50
12/08/12,0.76,0,60,50
12/09/12,1.22,0,66,50
12/10/12,0.12,0,58,33
12/11/12,0,0,39,29
12/12/12,0,0,47,25
12/13/12,0,0,50,26
12/14/12,0,0,57,29
12/15/12,0.2,0,60,43
12/16/12,0.15,0,64,57
12/17/12,0.28,0,62,47
12/18/12,0,0,50,40
12/19/12,0,0,53,38
12/20/12,0.59,0,57,32
12/21/12,0,0,37,27
12/22/12,0,0,40,21
12/23/12,0,0,55,29
12/24/12,0.1,0,52,34
12/25/12,0.01,0,38,34
12/26/12,0.88,0,35,32
12/27/12,0,0,36,28
12/28/12,0.14,0.5,38,32
12/29/12,0.2,2.2,34,27
12/30/12,0,0,34,20
12/31/12,0.13,0,39,28
01/01/13,0.07,0,37,31
01/02/13,0,0,35,24
01/03/13,0,0,41,21
01/04/13,0,0,41,28
01/05/13,0,0,46,24
01/06/13,0,0,42,27
01/07/13,0,0,44,22
01/08/13,0,0,55,25
01/09/13,0.01,0,60,41
01/10/13,0.19,0,54,43
01/11/13,0.69,0,68,54
01/12/13,0,0,69,59
01/13/13,2.72,0,69,33
01/14/13,0,0,33,26
01/15/13,0.27,0.5,33,24
01/16/13,0,0,34,31
01/17/13,0,0,47,30
01/18/13,0,0,45,25
01/19/13,0,0,57,40
01/20/13,0,0,49,27
01/21/13,0,0,32,16
01/22/13,0,0,23,11
01/23/13,0,0,39,15
01/24/13,0,0,32,21
01/25/13,0.02,0,29,23
01/26/13,0,0,39,22
01/27/13,0.14,0,47,24
01/28/13,0.22,0,59,47
01/29/13,0,0,67,55
01/30/13,0.74,0,71,33
01/31/13,0.03,1.7,37,19
02/01/13,0,0,21,9
02/02/13,0.07,1.3,36,20
02/03/13,0,0.4,32,25
02/04/13,0.1,0,48,20
02/05/13,0,0,51,35
02/06/13,0,0,45,29
02/07/13,0,0,67,34
02/08/13,0.13,0,55,34
02/09/13,0,0,47,27
02/10/13,0.18,0,59,37
02/11/13,0,0,56,40
02/12/13,0,0,51,33
02/13/13,0.07,1.5,44,32
02/14/13,0,0,58,36
02/15/13,0,0,46,29
02/16/13,0,0,37,23
02/17/13,0,0,40,20
02/18/13,0.14,0,63,29
02/19/13,0.18,0,48,25
02/20/13,0,0,34,20
02/21/13,0.24,0,39,21
02/22/13,0.13,0,50,33
02/23/13,0,0,48,29
02/24/13,0,0,50,24
02/25/13,0,0,53,30
02/26/13,0.64,0,51,41
02/27/13,0.04,0,41,34
02/28/13,0,0,38,34
03/01/13,0.08,0.6,39,33
03/02/13,0.01,0.1,34,29
03/03/13,0,0.1,40,26
03/04/13,0,0,45,23
03/05/13,0.42,0.2,48,31
03/06/13,0,0,35,31
03/07/13,0,0,39,32
03/08/13,0,0,50,30
03/09/13,0,0,63,34
03/10/13,0.06,0,71,52
03/11/13,1.07,0,57,38
03/12/13,0,0,51,36
03/13/13,0,0,38,28
03/14/13,0,0,48,24
03/15/13,0,0,64,33
03/16/13,0.02,0,73,43
03/17/13,1.03,0,43,34
03/18/13,0.91,0,53,37
03/19/13,0,0,49,31
03/20/13,0,0,45,25
03/21/13,0,0,36,21
03/22/13,0,0,45,24
03/23/13,0,0,57,39
03/24/13,0.57,0,47,35
03/25/13,0.02,0.4,38,32
03/26/13,0.01,0.3,43,33
03/27/13,0,0,48,29
03/28/13,0,0,54,29
03/29/13,0,0,59,35
03/30/13,0,0,62,34
03/31/13,0.05,0,63,49
04/01/13,0,0,54,37
04/02/13,0,0,52,30
04/03/13,0,0,54,32
04/04/13,0,0,54,39
04/05/13,0,0,68,34
04/06/13,0,0,74,44
04/07/13,0,0,74,61
04/08/13,0,0,75,56
04/09/13,0,0,84,62
04/10/13,0,0,86,65
04/11/13,1.13,0,78,54
04/12/13,0.06,0,57,41
04/13/13,0,0,63,37
04/14/13,0,0,76,43
04/15/13,0,0,73,59
04/16/13,0.61,0,83,60
04/17/13,0.02,0,78,62
04/18/13,0,0,84,65
04/19/13,1.02,0,75,41
04/20/13,0,0,58,37
04/21/13,0,0,62,40
04/22/13,0,0,73,41
04/23/13,0,0,72,51
04/24/13,0.72,0,69,41
04/25/13,0,0,63,35
04/26/13,0,0,64,42
04/27/13,0.13,0,60,53
04/28/13,0.06,0,68,55
04/29/13,0,0,68,57
04/30/13,0,0,81,50
05/01/13,0,0,85,56
05/02/13,0,0,77,62
05/03/13,0.04,0,78,63
05/04/13,0.87,0,64,53
05/05/13,0.67,0,56,52
05/06/13,0.08,0,70,54
05/07/13,0.02,0,76,57
05/08/13,0,0,80,57
05/09/13,0,0,82,60
05/10/13,1.23,0,72,63
05/11/13,0.02,0,65,52
05/12/13,0,0,61,42
05/13/13,0,0,68,42
05/14/13,0,0,85,48
05/15/13,0,0,88,70
05/16/13,0.27,0,77,67
05/17/13,0,0,78,64
05/18/13,0.01,0,80,67
05/19/13,0,0,87,65
05/20/13,0,0,85,67
05/21/13,0.01,0,86,70
05/22/13,0.41,0,80,66
05/23/13,0.05,0,72,55
05/24/13,0,0,70,51
05/25/13,0.03,0,73,47
05/26/13,0,0,75,56
05/27/13,0,0,86,61
05/28/13,0,0,87,73
05/29/13,0,0,89,70
05/30/13,0,0,89,71
05/31/13,0.32,0,81,73
06/01/13,0.07,0,78,65
06/02/13,0,0,80,64
06/03/13,0,0,74,61
06/04/13,0,0,79,55
06/05/13,0,0,86,62
06/06/13,0.1,0,81,69
06/07/13,0,0,82,65
06/08/13,0.04,0,82,67
06/09/13,0.2,0,82,64
06/10/13,0.14,0,78,67
06/11/13,0,0,87,65
06/12/13,0,0,93,77
06/13/13,0,0,84,68
06/14/13,0,0,85,60
06/15/13,0,0,87,65
06/16/13,0.12,0,85,69
06/17/13,0.37,0,90,68
06/18/13,0.01,0,88,67
06/19/13,0,0,85,65
06/20/13,0,0,88,67
06/21/13,0,0,90,68
06/22/13,0,0,91,70
06/23/13,0,0,89,70
06/24/13,0.02,0,82,72
06/25/13,0,0,93,70
06/26/13,2.69,0,88,69
06/27/13,0,0,91,70
06/28/13,0,0,89,73
06/29/13,0.54,0,84,65
06/30/13,0,0,82,65
07/01/13,0.58,0,83,64
07/02/13,0,0,83,64
07/03/13,0.26,0,84,66
07/04/13,0.65,0,74,68
07/05/13,0.03,0,80,67
07/06/13,0.95,0,75,68
07/07/13,0,0,87,67
07/08/13,0,0,90,69
07/09/13,0,0,91,77
07/10/13,0.49,0,91,71
07/11/13,0,0,85,69
07/12/13,0,0,83,63
07/13/13,0,0,85,64
07/14/13,0.04,0,92,70
07/15/13,0,0,92,74
07/16/13,0,0,94,74
07/17/13,0,0,95,77
07/18/13,0.18,0,92,78
07/19/13,0,0,92,76
07/20/13,0.02,0,91,76
07/21/13,0.1,0,90,72
07/22/13,1.82,0,83,72
07/23/13,0,0,90,73
07/24/13,0,0,81,64
07/25/13,0,0,81,61
07/26/13,0,0,83,63
07/27/13,0.02,0,80,66
07/28/13,0,0,77,56
07/29/13,0,0,83,59
07/30/13,0.12,0,80,66
07/31/13,0,0,78,67
08/01/13,0,0,85,68
08/02/13,0,0,86,65
08/03/13,0.01,0,86,72
08/04/13,0,0,81,65
08/05/13,0,0,84,61
08/06/13,0,0,84,72
08/07/13,0,0,86,73
08/08/13,0.01,0,88,75
08/09/13,0.68,0,85,75
08/10/13,0.54,0,82,74
08/11/13,0,0,90,73
08/12/13,0.57,0,85,70
08/13/13,0.38,0,83,64
08/14/13,0,0,76,56
08/15/13,0,0,78,54
08/16/13,0,0,82,58
08/17/13,0,0,84,66
08/18/13,0,0,85,64
08/19/13,0,0,86,68
08/20/13,0.2,0,86,68
08/21/13,0,0,90,69
08/22/13,0,0,90,73
08/23/13,0,0,89,72
08/24/13,0,0,90,66
08/25/13,0,0,91,66
08/26/13,0,0,90,71
08/27/13,0,0,92,74
08/28/13,0,0,96,75
08/29/13,0,0,94,75
08/30/13,0,0,95,73
08/31/13,0.81,0,95,71
09/01/13,0.29,0,88,70
09/02/13,0.42,0,88,72
09/03/13,0,0,82,65
09/04/13,0,0,84,61
09/05/13,0,0,87,64
09/06/13,0,0,87,66
09/07/13,0,0,87,65
09/08/13,0,0,91,73
09/09/13,0,0,92,71
09/10/13,0,0,93,75
09/11/13,0.03,0,90,72
09/12/13,0.06,0,83,71
09/13/13,0,0,73,58
09/14/13,0,0,75,50
09/15/13,0,0,81,52
09/16/13,0,0,75,64
09/17/13,0,0,79,57
09/18/13,0,0,79,63
09/19/13,0.01,0,85,67
09/20/13,1.2,0,87,68
09/21/13,0.65,0,75,58
09/22/13,0,0,73,53
09/23/13,0,0,75,52
09/24/13,0,0,81,55
09/25/13,0,0,80,64
09/26/13,0,0,81,58
09/27/13,0,0,83,57
09/28/13,0,0,83,57
09/29/13,0.04,0,68,60
09/30/13,0,0,78,64
10/01/13,0,0,82,61
10/02/13,0.02,0,81,66
10/03/13,0.02,0,84,69
10/04/13,0.42,0,86,67
10/05/13,5.91,0,75,68
10/06/13,1.2,0,73,53
10/07/13,0,0,66,49
10/08/13,0,0,71,47
10/09/13,0,0,77,49
10/10/13,0,0,76,53
10/11/13,0,0,79,52
10/12/13,0,0,81,53
10/13/13,0,0,78,58
10/14/13,0,0,75,49
10/15/13,0,0,73,57
10/16/13,0.01,0,68,53
10/17/13,0.05,0,63,47
10/18/13,0,0,68,44
10/19/13,0.22,0,55,41
10/20/13,0,0,63,38
10/21/13,0,0,70,42
10/22/13,0.01,0,58,39
10/23/13,0,0,52,39
10/24/13,0,0,48,34
10/25/13,0,0,51,30
10/26/13,0,0,58,31
10/27/13,0,0,63,36
10/28/13,0,0,68,41
10/29/13,0.1,0,58,42
10/30/13,1.49,0,70,57
10/31/13,0.49,0,70,59
11/01/13,0,0,69,50
11/02/13,0.01,0,61,43
11/03/13,0,0,57,38
11/04/13,0,0,64,42
11/05/13,0,0,64,50
11/06/13,0.2,0,69,46
11/07/13,0.05,0,53,38
11/08/13,0,0,55,32
11/09/13,0,0,64,35
11/10/13,0,0,58,37
11/11/13,0.01,0,66,34
11/12/13,0.05,0.3,44,30
11/13/13,0,0,43,24
11/14/13,0,0,57,28
11/15/13,0.1,0,56,38
11/16/13,0,0,64,47
11/17/13,3.14,0,69,51
11/18/13,0,0,57,42
11/19/13,0,0,47,34
11/20/13,0,0,56,31
11/21/13,0.07,0,65,43
11/22/13,0.01,0,59,42
11/23/13,0,0,46,25
11/24/13,0,0,32,20
11/25/13,0.01,0.1,42,26
11/26/13,0.07,0,37,34
11/27/13,0,0.1,36,21
11/28/13,0,0,40,20
11/29/13,0,0,47,24
11/30/13,0,0,57,28
12/01/13,0,0,56,43
12/02/13,0,0,58,38
12/03/13,0,0,59,42
12/04/13,0,0,71,50
12/05/13,0.56,0,70,34
12/06/13,0.82,3.5,35,28
12/07/13,0,0,28,19
12/08/13,0.19,1.1,34,24
12/09/13,0,0,34,27
12/10/13,0.03,0.7,32,22
12/11/13,0,0,38,20
12/12/13,0,0,30,12
12/13/13,0.03,0,44,23
12/14/13,0.49,0,42,35
12/15/13,0,0,35,28
12/16/13,0,0,46,32
12/17/13,0,0,45,30
12/18/13,0,0,45,25
12/19/13,0,0,63,42
12/20/13,0.03,0,64,52
12/21/13,2.52,0,70,60
12/22/13,0.22,0,63,38
12/23/13,0.01,0,38,28
12/24/13,0,0,28,16
12/25/13,0,0,42,19
12/26/13,0,0,44,30
12/27/13,0,0,52,26
12/28/13,0.05,0,52,31
12/29/13,0.48,0,49,32
12/30/13,0,0,32,24
12/31/13,0,0,40,24
01/01/14,0,0,49,29
01/02/14,0.21,0.2,41,16
01/03/14,0,0,25,12
01/04/14,0,0,43,18
01/05/14,0.58,0.1,56,19
01/06/14,0,0,19,-3
01/07/14,0,0,16,-2
01/08/14,0,0,35,11
01/09/14,0.05,0.2,42,29
01/10/14,0,0,55,35
01/11/14,0.98,0,54,37
01/12/14,0,0,52,33
01/13/14,0.23,0,54,46
01/14/14,0.01,0,54,31
01/15/14,0,0,35,22
01/16/14,0.01,0,37,20
01/17/14,0.06,2.3,36,16
01/18/14,0,0,36,17
01/19/14,0,0,40,26
01/20/14,0,0,53,37
01/21/14,0.15,2.8,38,9
01/22/14,0,0,22,5
01/23/14,0.01,0.3,22,5
01/24/14,0,0,25,2
01/25/14,0.12,2.4,40,18
01/26/14,0,0,53,17
01/27/14,0,0,50,10
01/28/14,0,0,15,3
01/29/14,0,0,28,4
01/30/14,0,0,39,12
01/31/14,0,0,45,32
02/01/14,0,0,63,40
02/02/14,0.84,3.1,54,29
02/03/14,0.16,2.1,36,25
02/04/14,1.43,0.3,33,25
02/05/14,0.07,0,34,26
02/06/14,0,0.1,27,11
02/07/14,0,0,23,6
02/08/14,0.03,0.3,29,18
02/09/14,0.04,0.7,33,24
02/10/14,0,0,26,14
02/11/14,0,0,27,6
02/12/14,0,0,38,12
02/13/14,0,0,43,19
02/14/14,0.31,0.4,40,26
02/15/14,0.01,0.1,31,19
02/16/14,0,0,39,26
02/17/14,0.51,0,45,25
02/18/14,0,0,58,35
02/19/14,0,0,58,46
02/20/14,0.28,0,72,44
02/21/14,0,0,51,40
02/22/14,0,0,64,37
02/23/14,0.06,0.4,44,28
02/24/14,0,0,42,22
02/25/14,0,0,39,27
02/26/14,0.01,0.2,29,17
02/27/14,0,0,34,20
02/28/14,0,0,45,17
03/01/14,0,0,57,36
03/02/14,0.77,2.3,49,21
03/03/14,0.17,0.7,25,16
03/04/14,0,0,36,14
03/05/14,0,0,44,23
03/06/14,0,0,49,26
03/07/14,0,0,62,28
03/08/14,0,0,63,36
03/09/14,0,0,52,28
03/10/14,0,0,70,38
03/11/14,0.01,0,77,51
03/12/14,0.05,0,67,31
03/13/14,0,0,45,22
03/14/14,0,0,65,36
03/15/14,0,0,67,41
03/16/14,0.19,0.8,51,30
03/17/14,0,0,46,29
03/18/14,0,0,53,35
03/19/14,0.05,0,58,44
03/20/14,0,0,60,31
03/21/14,0,0,73,41
03/22/14,0,0,60,41
03/23/14,0,0,48,32
03/24/14,0,0,46,27
03/25/14,0.01,0.3,40,28
03/26/14,0,0,46,20
03/27/14,0.04,0,62,35
03/28/14,0.19,0,68,50
03/29/14,0.82,0,51,39
03/30/14,0,0,60,33
03/31/14,0,0,71,36
04/01/14,0.1,0,80,55
04/02/14,0,0,66,51
04/03/14,1.37,0,69,54
04/04/14,1.32,0,65,45
04/05/14,0,0,55,37
04/06/14,0,0,63,39
04/07/14,0.93,0,60,46
04/08/14,0.03,0,63,44
04/09/14,0,0,67,41
04/10/14,0,0,79,44
04/11/14,0,0,77,59
04/12/14,0,0,81,54
04/13/14,0,0,84,69
04/14/14,0.69,0,75,41
04/15/14,0.18,0.1,47,34
04/16/14,0,0,55,31
04/17/14,0,0,69,40
04/18/14,0,0,74,47
04/19/14,0,0,75,49
04/20/14,0,0,80,49
04/21/14,0,0,81,54
04/22/14,0,0,75,52
04/23/14,0,0,65,45
04/24/14,0,0,75,51
04/25/14,0.18,0,72,57
04/26/14,0,0,81,49
04/27/14,0.22,0,83,55
04/28/14,1.75,0,69,63
04/29/14,0.16,0,78,56
04/30/14,0.08,0,71,51
05/01/14,0,0,63,47
05/02/14,0,0,62,47
05/03/14,0,0,73,45
05/04/14,0,0,83,52
05/05/14,0,0,89,54
05/06/14,0,0,86,57
05/07/14,0,0,86,66
05/08/14,0,0,87,70
05/09/14,0.7,0,78,63
05/10/14,0.85,0,75,60
05/11/14,0,0,82,62
05/12/14,0,0,88,68
05/13/14,0.07,0,88,68
05/14/14,1.12,0,70,61
05/15/14,0.02,0,65,50
05/16/14,0.11,0,62,44
05/17/14,0,0,63,43
05/18/14,0,0,68,44
05/19/14,0,0,75,48
05/20/14,0,0,85,59
05/21/14,0,0,85,66
05/22/14,0.78,0,87,64
05/23/14,0,0,78,64
05/24/14,0,0,81,57
05/25/14,0,0,77,62
05/26/14,0,0,87,61
05/27/14,0,0,89,70
05/28/14,0.2,0,85,69
05/29/14,0.05,0,86,69
05/30/14,0.14,0,86,70
05/31/14,0,0,86,68
06/01/14,0.05,0,88,65
06/02/14,0.01,0,83,72
06/03/14,0,0,86,72
06/04/14,0,0,87,72
06/05/14,0,0,78,65
06/06/14,0,0,84,61
06/07/14,0,0,84,63
06/08/14,0,0,78,65
06/09/14,0.01,0,77,65
06/10/14,0.14,0,81,67
06/11/14,0.31,0,78,68
06/12/14,0,0,84,64
06/13/14,0.02,0,80,65
06/14/14,0,0,80,56
06/15/14,0,0,89,61
06/16/14,0,0,92,72
06/17/14,0,0,92,72
06/18/14,0,0,93,76
06/19/14,0,0,94,77
06/20/14,0.38,0,91,73
06/21/14,0,0,91,72
06/22/14,0,0,91,70
06/23/14,0.07,0,94,73
06/24/14,0.62,0,88,72
06/25/14,0,0,89,72
06/26/14,0,0,91,72
06/27/14,0,0,92,70
06/28/14,0.01,0,87,73
06/29/14,0,0,86,73
06/30/14,0.03,0,92,71
07/01/14,0.11,0,93,70
07/02/14,0.13,0,88,68
07/03/14,0,0,77,61
07/04/14,0,0,82,58
07/05/14,0,0,84,59
07/06/14,0,0,88,65
07/07/14,0,0,92,72
07/08/14,0.03,0,88,74
07/09/14,0,0,89,70
07/10/14,0,0,89,69
07/11/14,0,0,91,65
07/12/14,0,0,90,68
07/13/14,1.34,0,97,73
07/14/14,0.17,0,87,69
07/15/14,0,0,79,63
07/16/14,0,0,78,58
07/17/14,0,0,81,60
07/18/14,0.01,0,73,63
07/19/14,0,0,77,65
07/20/14,0,0,86,70
07/21/14,0,0,90,69
07/22/14,0,0,94,70
07/23/14,0.01,0,88,73
07/24/14,0,0,82,68
07/25/14,0,0,86,60
07/26/14,0.99,0,94,67
07/27/14,0.82,0,91,70
07/28/14,0,0,79,63
07/29/14,0,0,79,54
07/30/14,0,0,83,62
07/31/14,0,0,86,64
08/01/14,0,0,89,64
08/02/14,0,0,86,68
08/03/14,0,0,87,65
08/04/14,0,0,90,66
08/05/14,0,0,88,67
08/06/14,0,0,90,70
08/07/14,0,0,84,72
08/08/14,2.09,0,76,68
08/09/14,0.39,0,85,72
08/10/14,0.04,0,89,74
08/11/14,0.59,0,88,73
08/12/14,0,0,81,65
08/13/14,0,0,83,60
08/14/14,0,0,85,63
08/15/14,0,0,84,61
08/16/14,0.08,0,83,65
08/17/14,0.55,0,76,69
08/18/14,0.04,0,83,72
08/19/14,0,0,89,71
08/20/14,0.14,0,92,71
08/21/14,0.01,0,90,72
08/22/14,0.5,0,90,74
08/23/14,1.35,0,91,73
08/24/14,0,0,91,72
08/25/14,0,0,94,76
08/26/14,0,0,94,75
08/27/14,0.54,0,94,74
08/28/14,0,0,92,74
08/29/14,0,0,93,73
08/30/14,0.05,0,87,71
08/31/14,0.03,0,79,73
09/01/14,0.05,0,89,75
09/02/14,0.31,0,89,70
09/03/14,0,0,90,72
09/04/14,0,0,92,71
09/05/14,0,0,93,74
09/06/14,0.01,0,87,69
09/07/14,0,0,82,62
09/08/14,0,0,85,59
09/09/14,0,0,85,62
09/10/14,0.01,0,86,70
09/11/14,2.93,0,79,60
09/12/14,0,0,69,60
09/13/14,0,0,68,55
09/14/14,0,0,75,50
09/15/14,0,0,76,53
09/16/14,0,0,71,56
09/17/14,0,0,73,53
09/18/14,0,0,76,56
09/19/14,0,0,80,54
09/20/14,0,0,84,62
09/21/14,0,0,82,60
09/22/14,0,0,70,54
09/23/14,0,0,76,50
09/24/14,0,0,81,51
09/25/14,0,0,82,56
09/26/14,0,0,85,59
09/27/14,0,0,86,60
09/28/14,0,0,85,65
09/29/14,0,0,86,65
09/30/14,0,0,86,58
10/01/14,0,0,86,58
10/02/14,0,0,88,63
10/03/14,0.25,0,79,50
10/04/14,0,0,60,43
10/05/14,0.02,0,67,38
10/06/14,0.28,0,71,53
10/07/14,0.14,0,76,53
10/08/14,0,0,75,53
10/09/14,0.01,0,72,53
10/10/14,0.51,0,61,53
10/11/14,0,0,59,52
10/12/14,0,0,72,54
10/13/14,0.92,0,79,65
10/14/14,0.68,0,70,59
10/15/14,0.22,0,59,55
10/16/14,0,0,61,54
10/17/14,0,0,75,50
10/18/14,0,0,61,50
10/19/14,0,0,62,48
10/20/14,0.19,0,69,46
10/21/14,0,0,64,48
10/22/14,0,0,62,44
10/23/14,0,0,64,40
10/24/14,0,0,68,42
10/25/14,0,0,77,48
10/26/14,0,0,76,50
10/27/14,0,0,85,53
10/28/14,0.16,0,73,58
10/29/14,0,0,64,46
10/30/14,0,0,59,38
10/31/14,0.13,0,52,36
11/01/14,0,0,46,35
11/02/14,0,0,53,30
11/03/14,0,0,68,39
11/04/14,0.03,0,66,53
11/05/14,0.1,0,58,52
11/06/14,0.01,0,56,44
11/07/14,0,0,52,39
11/08/14,0,0,58,35
11/09/14,0,0,57,36
11/10/14,0,0,66,37
11/11/14,0.08,0,65,37
11/12/14,0,0,41,33
11/13/14,0,0,33,25
11/14/14,0,0,36,22
11/15/14,0,0,41,22
11/16/14,0.32,0,43,34
11/17/14,0.26,3.3,34,19
11/18/14,0,0,25,16
11/19/14,0,0,49,16
11/20/14,0,0,36,22
11/21/14,0,0,42,20
11/22/14,0,0,65,36
11/23/14,0.81,0,61,48
11/24/14,0.07,0,63,40
11/25/14,0,0,47,33
11/26/14,0,0,46,26
11/27/14,0.03,0.4,37,30
11/28/14,0,0,40,25
11/29/14,0,0,60,34
11/30/14,0,0,72,59
12/01/14,0.59,0,66,35
12/02/14,0,0,41,36
12/03/14,0,0,45,36
12/04/14,0.3,0,41,34
12/05/14,0.93,0,59,41
12/06/14,0.76,0,60,41
12/07/14,0,0,47,34
12/08/14,0,0,51,35
12/09/14,0.01,0,45,38
12/10/14,0,0,40,34
12/11/14,0,0,44,29
12/12/14,0,0,45,25
12/13/14,0,0,48,41
12/14/14,0,0,49,44
12/15/14,0.01,0,54,42
12/16/14,0.23,0,56,37
12/17/14,0,0,37,31
12/18/14,0,0,34,29
12/19/14,0,0,37,27
12/20/14,0,0,39,29
12/21/14,0,0,44,25
12/22/14,0.21,0,54,34
12/23/14,0.09,0,57,52
12/24/14,0.16,0,58,40
12/25/14,0,0,46,34
12/26/14,0,0,57,32
12/27/14,0.14,0,53,47
12/28/14,0.14,0,49,35
12/29/14,0,0,41,32
12/30/14,0,0,40,26
12/31/14,0,0,32,17
01/01/15,0,0,41,23
01/02/15,0.01,0,39,35
01/03/15,0.29,0,63,38
01/04/15,0.08,0,62,24
01/05/15,0,0,27,16
01/06/15,0,0,35,22
01/07/15,0,0,22,4
01/08/15,0,0,28,1
01/09/15,0,0,28,12
01/10/15,0,0,28,8
01/11/15,0.06,0,45,19
01/12/15,0.12,0,39,30
01/13/15,0,0,31,25
01/14/15,0,0,34,26
01/15/15,0,0,39,29
01/16/15,0,0,49,26
01/17/15,0,0,57,30
01/18/15,0.06,0,53,35
01/19/15,0,0,58,30
01/20/15,0,0,60,32
01/21/15,0,0,57,32
01/22/15,0,0,41,31
01/23/15,0.12,1,39,33
01/24/15,0,0,46,26
01/25/15,0.08,0,45,36
01/26/15,0,0,37,26
01/27/15,0,0.1,36,26
01/28/15,0,0,41,20
01/29/15,0.05,0,55,34
01/30/15,0,0,41,28
01/31/15,0,0,43,21
02/01/15,0.45,0,51,37
02/02/15,0,0,43,24
02/03/15,0,0,41,22
02/04/15,0.02,0.3,54,28
02/05/15,0,0,30,16
02/06/15,0,0,45,16
02/07/15,0,0,64,34
02/08/15,0.01,0,59,50
02/09/15,0,0,53,30
02/10/15,0,0,43,29
02/11/15,0,0,51,26
02/12/15,0,0,34,20
02/13/15,0,0,36,16
02/14/15,0,0,38,12
02/15/15,0,0,23,8
02/16/15,0.73,8.2,19,11
02/17/15,0,0,26,3
02/18/15,0.05,1.9,24,4
02/19/15,0,0,11,-3
02/20/15,0.04,0,25,-6
02/21/15,0.93,0.5,38,24
02/22/15,0,0,35,23
02/23/15,0,0,25,13
02/24/15,0,0,32,10
02/25/15,0,0,38,23
02/26/15,0,0,34,18
02/27/15,0,0,27,13
02/28/15,0,0,36,18
03/01/15,0.06,0,42,30
03/02/15,0,0,41,25
03/03/15,0.48,0,63,31
03/04/15,2.59,8.3,47,23
03/05/15,0.44,3.6,29,15
03/06/15,0,0,32,8
03/07/15,0,0,49,25
03/08/15,0,0,55,32
03/09/15,0,0,54,42
03/10/15,1.44,0,56,46
03/11/15,0,0,68,47
03/12/15,0,0,66,42
03/13/15,1.1,0,58,53
03/14/15,0.78,0,64,51
03/15/15,0,0,70,40
03/16/15,0,0,78,53
03/17/15,0,0,64,40
03/18/15,0,0,50,32
03/19/15,0.21,0,50,41
03/20/15,0.02,0,52,44
03/21/15,0,0,71,41
03/22/15,0,0,61,44
03/23/15,0,0,63,37
03/24/15,0.08,0,49,36
03/25/15,0,0,77,47
03/26/15,0.59,0,59,40
03/27/15,0,0,42,30
03/28/15,0,0,43,23
03/29/15,0.01,0,59,26
03/30/15,0,0,65,44
03/31/15,0,0,77,46
04/01/15,0,0,70,43
04/02/15,1.17,0,75,54
04/03/15,5.64,0,70,48
04/04/15,0,0,58,38
04/05/15,0,0,66,36
04/06/15,0.01,0,73,52
04/07/15,1.21,0,78,59
04/08/15,0.14,0,82,59
04/09/15,0.33,0,84,67
04/10/15,0.12,0,76,53
04/11/15,0,0,67,45
04/12/15,0,0,79,48
04/13/15,0.64,0,81,61
04/14/15,0.23,0,65,53
04/15/15,0,0,62,57
04/16/15,0.15,0,76,58
04/17/15,0,0,78,63
04/18/15,0,0,81,56
04/19/15,0.78,0,73,60
04/20/15,0.17,0,63,50
04/21/15,0,0,68,46
04/22/15,0.02,0,61,45
04/23/15,0,0,63,39
04/24/15,0,0,65,38
04/25/15,0.21,0,63,47
04/26/15,0.01,0,65,46
04/27/15,0,0,68,42
04/28/15,0,0,66,44
04/29/15,0,0,71,45
04/30/15,0.01,0,66,47
05/01/15,0,0,73,45
05/02/15,0,0,79,52
05/03/15,0,0,81,53
05/04/15,0,0,85,58
05/05/15,0,0,86,62
05/06/15,0,0,88,61
05/07/15,0,0,88,63
05/08/15,0,0,88,63
05/09/15,0.39,0,87,68
05/10/15,0,0,86,68
05/11/15,0.74,0,88,67
05/12/15,0,0,73,58
05/13/15,0,0,72,52
05/14/15,0,0,76,54
05/15/15,0,0,87,66
05/16/15,0.22,0,75,70
05/17/15,0.16,0,83,68
05/18/15,0.03,0,78,70
05/19/15,0,0,76,60
05/20/15,0,0,69,50
05/21/15,0,0,62,51
05/22/15,0,0,77,48
05/23/15,0,0,80,56
05/24/15,0,0,86,62
05/25/15,0.33,0,77,67
05/26/15,0.16,0,84,66
05/27/15,0.23,0,81,67
05/28/15,0,0,85,66
05/29/15,0,0,83,67
05/30/15,0.12,0,87,70
05/31/15,0,0,72,63
06/01/15,0.17,0,64,57
06/02/15,0,0,68,57
06/03/15,0,0,72,61
06/04/15,0,0,84,58
06/05/15,0,0,87,61
06/06/15,0,0,86,67
06/07/15,0,0,90,65
06/08/15,0.27,0,82,70
06/09/15,0,0,89,68
06/10/15,0,0,92,65
06/11/15,0,0,93,70
06/12/15,0,0,92,76
06/13/15,0,0,90,75
06/14/15,0,0,92,77
06/15/15,0,0,94,78
06/16/15,0.43,0,91,74
06/17/15,0.95,0,90,73
06/18/15,1.41,0,91,72
06/19/15,0.12,0,86,72
06/20/15,1.2,0,85,72
06/21/15,0.06,0,90,72
06/22/15,0.14,0,90,70
06/23/15,0,0,92,77
06/24/15,0,0,88,70
06/25/15,0.82,0,90,69
06/26/15,1.06,0,88,69
06/27/15,0.18,0,79,64
06/28/15,0,0,81,59
06/29/15,0.01,0,85,68
06/30/15,0,0,86,68
07/01/15,0.38,0,80,68
07/02/15,1.32,0,82,70
07/03/15,0.91,0,80,72
07/04/15,0,0,85,69
07/05/15,0,0,82,71
07/06/15,0,0,88,67
07/07/15,1.02,0,81,72
07/08/15,0.03,0,83,69
07/09/15,0.21,0,84,74
07/10/15,0.62,0,84,69
07/11/15,0,0,87,67
07/12/15,0.96,0,91,72
07/13/15,0.35,0,92,72
07/14/15,1.24,0,94,70
07/15/15,0,0,83,69
07/16/15,0,0,87,69
07/17/15,0.57,0,93,70
07/18/15,0.51,0,94,71
07/19/15,0,0,93,78
07/20/15,0.39,0,87,75
07/21/15,0,0,89,74
07/22/15,0,0,86,67
07/23/15,0,0,88,70
07/24/15,0,0,89,68
07/25/15,0,0,90,68
07/26/15,0,0,91,73
07/27/15,0.02,0,91,75
07/28/15,0,0,95,79
07/29/15,0.12,0,95,77
07/30/15,0,0,89,72
07/31/15,0,0,91,68
08/01/15,0,0,89,71
08/02/15,0,0,90,66
08/03/15,0,0,93,72
08/04/15,0.79,0,90,69
08/05/15,0.05,0,89,71
08/06/15,1.54,0,78,69
08/07/15,0,0,82,67
08/08/15,0,0,88,67
08/09/15,0,0,87,70
08/10/15,0.5,0,86,75
08/11/15,0,0,86,72
08/12/15,0,0,83,65
08/13/15,0,0,85,66
08/14/15,0,0,86,67
08/15/15,0,0,89,65
08/16/15,0,0,92,69
08/17/15,0.03,0,82,72
08/18/15,0,0,87,69
08/19/15,0.52,0,88,73
08/20/15,0.04,0,80,64
08/21/15,0,0,82,61
08/22/15,0,0,85,63
08/23/15,0,0,88,71
08/24/15,0,0,79,61
08/25/15,0,0,77,59
08/26/15,0,0,80,59
08/27/15,0,0,81,63
08/28/15,0,0,85,61
08/29/15,0,0,89,68
08/30/15,0,0,85,72
08/31/15,0,0,89,68
09/01/15,0,0,92,69
09/02/15,0,0,93,71
09/03/15,0,0,94,71
09/04/15,0,0,95,72
09/05/15,0,0,95,73
09/06/15,0,0,94,70
09/07/15,0,0,94,71
09/08/15,0,0,93,71
09/09/15,0.26,0,82,73
09/10/15,0.39,0,87,70
09/11/15,0.15,0,85,63
09/12/15,0,0,72,56
09/13/15,0,0,73,50
09/14/15,0,0,78,51
09/15/15,0,0,83,55
09/16/15,0,0,84,58
09/17/15,0,0,85,58
09/18/15,0,0,88,63
09/19/15,0,0,82,63
09/20/15,0,0,78,56
09/21/15,0,0,80,55
09/22/15,0,0,85,54
09/23/15,0,0,85,58
09/24/15,0,0,87,60
09/25/15,0.1,0,79,62
09/26/15,0,0,77,64
09/27/15,0,0,81,64
09/28/15,0.01,0,85,66
09/29/15,1.44,0,74,68
09/30/15,0.1,0,68,60
10/01/15,0,0,69,57
10/02/15,0.63,0,59,50
10/03/15,0.02,0,55,49
10/04/15,0,0,80,55
10/05/15,0,0,83,60
10/06/15,0,0,84,61
10/07/15,0,0,84,60
10/08/15,0,0,85,63
10/09/15,0.27,0,73,62
10/10/15,0,0,70,51
10/11/15,0,0,75,46
10/12/15,0.39,0,82,54
10/13/15,0,0,70,56
10/14/15,0,0,74,49
10/15/15,0,0,75,46
10/16/15,0,0,68,47
10/17/15,0,0,60,41
10/18/15,0,0,61,37
10/19/15,0,0,69,37
10/20/15,0,0,73,50
10/21/15,0,0,78,47
10/22/15,0,0,82,55
10/23/15,0,0,80,55
10/24/15,0.48,0,71,60
10/25/15,0,0,66,55
10/26/15,0.13,0,64,51
10/27/15,1.76,0,59,56
10/28/15,0.94,0,68,57
10/29/15,0,0,62,45
10/30/15,0,0,55,44
10/31/15,0.23,0,62,46
11/01/15,0,0,65,54
11/02/15,0,0,73,47
11/03/15,0,0,79,49
11/04/15,0,0,79,56
11/05/15,0,0,78,64
11/06/15,1.03,0,74,56
11/07/15,0,0,60,48
11/08/15,0,0,59,40
11/09/15,0.54,0,48,38
11/10/15,0,0,59,43
11/11/15,0.24,0,62,38
11/12/15,0.1,0,64,50
11/13/15,0,0,58,41
11/14/15,0,0,60,31
11/15/15,0,0,67,37
11/16/15,0.02,0,57,40
11/17/15,0.11,0,65,51
11/18/15,1.94,0,66,57
11/19/15,0,0,61,42
11/20/15,0,0,56,33
11/21/15,0.12,0,58,34
11/22/15,0,0,39,27
11/23/15,0,0,51,26
11/24/15,0,0,60,33
11/25/15,0,0,62,39
11/26/15,0,0,70,48
11/27/15,0.08,0,68,56
11/28/15,0.83,0,63,46
11/29/15,0.04,0,48,44
11/30/15,0.42,0,51,44
12/01/15,0.54,0,55,45
12/02/15,0.03,0,49,36
12/03/15,0,0,47,29
12/04/15,0,0,51,28
12/05/15,0,0,51,30
12/06/15,0,0,59,30
12/07/15,0,0,52,39
12/08/15,0,0,61,33
12/09/15,0,0,60,45
12/10/15,0,0,56,43
12/11/15,0,0,67,56
12/12/15,0,0,73,62
12/13/15,0,0,70,58
12/14/15,0.35,0,72,52
12/15/15,0,0,56,45
12/16/15,0,0,66,39
12/17/15,0,0,58,34
12/18/15,0,0,40,32
12/19/15,0,0,44,31
12/20/15,0,0,54,29
12/21/15,0.38,0,59,47
12/22/15,0.53,0,62,55
12/23/15,1.31,0,70,58
12/24/15,0,0,68,46
12/25/15,0.2,0,56,51
12/26/15,0.37,0,68,49
12/27/15,2.21,0,70,43
12/28/15,0.66,0,68,43
12/29/15,0,0,53,42
12/30/15,0,0,45,38
12/31/15,0,0,38,33
01/01/16,0,0,43,30
01/02/16,0,0,46,31
01/03/16,0,0,46,32
01/04/16,0,0,40,29
01/05/16,0,0,39,23
01/06/16,0,0,45,23
01/07/16,0,0,53,25
01/08/16,0.18,0,55,45
01/09/16,0.15,0,55,48
01/10/16,0.07,0.8,51,13
01/11/16,0,0,35,12
01/12/16,0.07,1.8,38,18
01/13/16,0,0,33,12
01/14/16,0,0,60,31
01/15/16,0.08,0,52,35
01/16/16,0,0,35,32
01/17/16,0,0,36,11
01/18/16,0,0,20,7
01/19/16,0,0,25,11
01/20/16,0.3,3.7,28,19
01/21/16,0,0,28,21
01/22/16,0.12,1.9,28,25
01/23/16,0,0,32,19
01/24/16,0,0,38,13
01/25/16,0,0,54,27
01/26/16,0.02,0,52,33
01/27/16,0,0,39,29
01/28/16,0,0,53,26
01/29/16,0,0,47,31
01/30/16,0,0,68,33
01/31/16,0.02,0,69,54
02/01/16,0.15,0,62,43
02/02/16,1.22,0,69,40
02/03/16,0.21,0,63,38
02/04/16,0,0,40,29
02/05/16,0,0,47,23
02/06/16,0,0,53,28
02/07/16,0,0,56,31
02/08/16,0.24,1.2,49,23
02/09/16,0.02,1.3,26,19
02/10/16,0.02,0.7,24,16
02/11/16,0,0,34,19
02/12/16,0,0,35,26
02/13/16,0,0,28,15
02/14/16,0.29,3,25,19
02/15/16,0,0,39,25
02/16/16,0.01,0,39,32
02/17/16,0,0,37,28
02/18/16,0,0,50,25
02/19/16,0,0,68,42
02/20/16,0,0,76,47
02/21/16,0.68,0,63,46
02/22/16,0,0,53,38
02/23/16,0.46,0,59,36
02/24/16,1.39,0,60,36
02/25/16,0,0,40,35
02/26/16,0,0,45,35
02/27/16,0,0,58,29
02/28/16,0,0,69,47
02/29/16,0.12,0,61,41
03/01/16,0.37,0,60,32
03/02/16,0,0,42,28
03/03/16,0.07,0.5,40,34
03/04/16,0,0,40,33
03/05/16,0.03,0,47,33
03/06/16,0,0,58,30
03/07/16,0,0,70,43
03/08/16,0,0,76,53
03/09/16,0.22,0,69,58
03/10/16,1.02,0,65,53
03/11/16,0,0,60,49
03/12/16,0.49,0,75,53
03/13/16,0.48,0,71,61
03/14/16,0.02,0,73,57
03/15/16,0,0,82,53
03/16/16,0.06,0,77,57
03/17/16,0,0,68,50
03/18/16,0,0,65,41
03/19/16,0.16,0,54,41
03/20/16,0,0,50,38
03/21/16,0,0,56,34
03/22/16,0,0,70,39
03/23/16,0,0,68,56
03/24/16,0.54,0,70,49
03/25/16,0,0,49,39
03/26/16,0,0,69,34
03/27/16,0.79,0,79,47
03/28/16,0,0,61,46
03/29/16,0,0,62,41
03/30/16,0,0,77,43
03/31/16,1.25,0,74,57
04/01/16,0,0,65,49
04/02/16,0,0,59,40
04/03/16,0,0,65,34
04/04/16,0,0,74,39
04/05/16,0,0,53,33
04/06/16,0,0,69,40
04/07/16,0,0,52,41
04/08/16,0.12,0,51,36
04/09/16,0,0,49,33
04/10/16,0.02,0,64,36
04/11/16,0.82,0,67,46
04/12/16,0,0,58,37
04/13/16,0,0,67,41
04/14/16,0,0,75,44
04/15/16,0,0,79,52
04/16/16,0,0,79,56
04/17/16,0,0,84,52
04/18/16,0,0,87,54
04/19/16,0,0,86,58
04/20/16,0,0,86,61
04/21/16,0.28,0,74,59
04/22/16,0.3,0,70,56
04/23/16,0,0,71,55
04/24/16,0,0,80,51
04/25/16,0,0,84,58
04/26/16,0.33,0,86,63
04/27/16,0.75,0,72,62
04/28/16,0.02,0,80,62
04/29/16,0,0,72,56
04/30/16,0.54,0,68,59
05/01/16,0.33,0,83,64
05/02/16,0,0,70,58
05/03/16,0,0,68,54
05/04/16,0.23,0,62,49
05/05/16,0.05,0,61,45
05/06/16,0,0,73,49
05/07/16,0.28,0,85,59
05/08/16,0.01,0,71,56
05/09/16,0,0,72,60
05/10/16,0.81,0,77,62
05/11/16,0.69,0,86,61
05/12/16,0.11,0,80,63
05/13/16,0,0,72,54
05/14/16,0.06,0,64,47
05/15/16,0,0,66,44
05/16/16,0.01,0,61,44
05/17/16,0.61,0,55,50
05/18/16,0.04,0,68,51
05/19/16,0,0,73,49
05/20/16,0.79,0,63,57
05/21/16,0.06,0,72,56
05/22/16,0,0,82,50
05/23/16,0,0,80,55
05/24/16,0,0,84,56
05/25/16,0,0,84,68
05/26/16,0.48,0,82,67
05/27/16,0,0,87,64
05/28/16,0,0,85,69
05/29/16,0,0,89,66
05/30/16,0,0,88,68
05/31/16,0,0,88,67
06/01/16,0,0,89,68
06/02/16,0.35,0,80,69
06/03/16,0,0,84,68
06/04/16,0.14,0,83,70
06/05/16,0,0,84,69
06/06/16,0,0,87,64
06/07/16,0.14,0,80,64
06/08/16,0,0,78,57
06/09/16,0,0,84,56
06/10/16,0,0,90,64
06/11/16,0,0,92,69
06/12/16,0.48,0,95,74
06/13/16,0,0,91,69
06/14/16,1.09,0,92,71
06/15/16,0.22,0,89,71
06/16/16,0,0,94,69
06/17/16,0,0,84,67
06/18/16,0,0,89,69
06/19/16,0,0,89,70
06/20/16,0,0,90,76
06/21/16,0,0,90,78
06/22/16,0.01,0,88,72
06/23/16,1.77,0,94,74
06/24/16,0,0,89,72
06/25/16,0,0,91,71
06/26/16,0.02,0,93,74
06/27/16,0.03,0,88,75
06/28/16,0,0,89,70
06/29/16,0,0,80,61
06/30/16,0,0,84,62
07/01/16,0,0,87,70
07/02/16,0,0,81,61
07/03/16,0.61,0,80,67
07/04/16,0.61,0,78,71
07/05/16,0,0,89,75
07/06/16,0.25,0,89,74
07/07/16,0.04,0,86,71
07/08/16,0.25,0,89,73
07/09/16,0,0,85,70
07/10/16,0,0,88,68
07/11/16,0,0,90,70
07/12/16,0.6,0,83,74
07/13/16,0.02,0,93,75
07/14/16,0.2,0,89,73
07/15/16,0,0,92,71
07/16/16,0,0,89,71
07/17/16,0,0,91,71
07/18/16,0,0,87,72
07/19/16,0,0,94,75
07/20/16,0.54,0,92,78
07/21/16,0,0,93,75
07/22/16,0,0,91,77
07/23/16,0,0,95,74
07/24/16,0,0,95,78
07/25/16,0.12,0,93,77
07/26/16,0,0,94,75
07/27/16,0.1,0,92,76
07/28/16,0.47,0,88,75
07/29/16,0.08,0,88,73
07/30/16,0.39,0,87,73
07/31/16,0.37,0,89,72
08/01/16,0.25,0,88,73
08/02/16,0,0,89,74
08/03/16,0,0,91,73
08/04/16,0.75,0,91,74
08/05/16,0.27,0,91,74
08/06/16,0,0,89,74
08/07/16,0,0,89,69
08/08/16,0,0,90,68
08/09/16,0.27,0,91,76
08/10/16,0,0,92,76
08/11/16,0,0,92,79
08/12/16,0,0,92,78
08/13/16,0,0,86,76
08/14/16,0.43,0,87,75
08/15/16,1.3,0,92,72
08/16/16,0.01,0,84,76
08/17/16,0.71,0,82,74
08/18/16,0,0,85,74
08/19/16,0,0,88,74
08/20/16,1.69,0,84,73
08/21/16,0,0,83,67
08/22/16,0,0,83,63
08/23/16,0,0,85,64
08/24/16,0,0,92,71
08/25/16,0,0,93,78
08/26/16,0,0,93,74
08/27/16,0,0,91,76
08/28/16,0.01,0,96,75
08/29/16,0,0,93,72
08/30/16,0,0,93,74
08/31/16,0.02,0,90,74
09/01/16,0,0,82,67
09/02/16,0,0,83,64
09/03/16,0,0,83,62
09/04/16,0,0,87,62
09/05/16,0,0,92,68
09/06/16,0,0,92,71
09/07/16,0,0,94,72
09/08/16,0,0,93,75
09/09/16,0,0,89,76
09/10/16,0.47,0,92,66
09/11/16,0,0,82,61
09/12/16,0,0,85,61
09/13/16,0,0,89,61
09/14/16,0,0,92,65
09/15/16,0,0,88,70
09/16/16,0.1,0,90,71
09/17/16,0.11,0,79,72
09/18/16,0,0,88,72
09/19/16,0,0,88,66
09/20/16,0,0,90,63
09/21/16,0,0,92,65
09/22/16,0,0,92,65
09/23/16,0,0,92,68
09/24/16,0,0,92,69
09/25/16,0,0,92,70
09/26/16,0.4,0,75,59
09/27/16,0,0,78,52
09/28/16,0.63,0,69,56
09/29/16,0.08,0,66,53
09/30/16,0.49,0,64,56
10/01/16,0,0,72,55
10/02/16,0,0,77,62
10/03/16,0,0,79,58
10/04/16,0,0,84,59
10/05/16,0,0,84,65
10/06/16,0,0,87,64
10/07/16,0,0,87,60
10/08/16,0,0,72,54
10/09/16,0,0,73,48
10/10/16,0,0,75,51
10/11/16,0,0,79,55
10/12/16,0,0,81,55
10/13/16,0,0,70,53
10/14/16,0,0,68,49
10/15/16,0,0,82,61
10/16/16,0,0,84,64
10/17/16,0,0,86,69
10/18/16,0,0,87,72
10/19/16,0,0,87,72
10/20/16,0.61,0,72,55
10/21/16,0.04,0,62,45
10/22/16,0,0,63,42
10/23/16,0,0,77,44
10/24/16,0,0,70,51
10/25/16,0,0,68,44
10/26/16,0,0,78,47
10/27/16,0,0,71,49
10/28/16,0,0,72,46
10/29/16,0,0,84,54
10/30/16,0,0,83,61
10/31/16,0,0,72,56
11/01/16,0,0,85,62
11/02/16,0,0,85,60
11/03/16,0.09,0,72,58
11/04/16,0,0,68,48
11/05/16,0,0,65,41
11/06/16,0,0,71,44
11/07/16,0,0,76,44
11/08/16,0.15,0,64,50
11/09/16,0,0,58,44
11/10/16,0,0,64,37
11/11/16,0,0,67,45
11/12/16,0,0,56,37
11/13/16,0,0,61,31
11/14/16,0,0,64,32
11/15/16,0,0,68,38
11/16/16,0,0,69,40
11/17/16,0,0,79,43
11/18/16,0.01,0,81,52
11/19/16,0.19,0,55,35
11/20/16,0,0,46,27
11/21/16,0,0,47,28
11/22/16,0,0,53,31
11/23/16,0.32,0,65,41
11/24/16,0,0,55,46
11/25/16,0,0,46,41
11/26/16,0,0,49,35
11/27/16,0,0,52,29
11/28/16,0.89,0,56,46
11/29/16,0,0,67,49
11/30/16,0,0,61,43
12/01/16,0,0,50,36
12/02/16,0,0,49,32
12/03/16,0,0,45,41
12/04/16,0.08,0,49,40
12/05/16,0,0,45,40
12/06/16,0.93,0,47,38
12/07/16,0,0,44,32
12/08/16,0,0,37,25
12/09/16,0,0,29,23
12/10/16,0,0,35,20
12/11/16,0.31,0,50,30
12/12/16,0.07,0,46,31
12/13/16,0,0,43,32
12/14/16,0,0,35,19
12/15/16,0,0,24,13
12/16/16,0.05,0,41,18
12/17/16,2.22,0,67,38
12/18/16,0.37,0,38,21
12/19/16,0,0,27,13
12/20/16,0,0,42,16
12/21/16,0,0.1,43,24
12/22/16,0,0,47,29
12/23/16,0.32,0,46,30
12/24/16,0.31,0,50,42
12/25/16,0,0,56,44
12/26/16,0.48,0,76,56
12/27/16,0,0,57,34
12/28/16,0.09,0,54,28
12/29/16,0,0,48,37
12/30/16,0,0,43,32
12/31/16,0.07,0,45,33
01/01/17,0.02,0,49,35
01/02/17,0.05,0,59,45
01/03/17,0.38,0,60,41
01/04/17,0,0,41,25
01/05/17,0.06,2.3,26,19
01/06/17,0,0,20,12
01/07/17,0,0,20,9
01/08/17,0,0,26,10
01/09/17,0,0,41,20
01/10/17,0.44,0,57,41
01/11/17,0.37,0,66,36
01/12/17,0.44,0,70,40
01/13/17,0.21,0,40,36
01/14/17,0.33,0,42,38
01/15/17,0.13,0,42,38
01/16/17,0.19,0,57,41
01/17/17,0.43,0,65,45
01/18/17,0,0,45,40
01/19/17,0.87,0,55,40
01/20/17,0.28,0,63,51
01/21/17,0,0,68,50
01/22/17,0,0,64,47
01/23/17,0,0,58,42
01/24/17,0,0,50,40
01/25/17,0,0,63,37
01/26/17,0,0,44,33
01/27/17,0,0,39,31
01/28/17,0,0,46,27
01/29/17,0.01,0.3,38,30
01/30/17,0,0,46,21
01/31/17,0,0,54,44
02/01/17,0,0,52,40
02/02/17,0,0,42,29
02/03/17,0,0,35,22
02/04/17,0,0,41,16
02/05/17,0,0,58,40
02/06/17,0,0,62,34
02/07/17,0.5,0,65,55
02/08/17,0.12,0,56,33
02/09/17,0,0,33,23
02/10/17,0,0,59,23
02/11/17,0,0,68,54
02/12/17,0,0,68,41
02/13/17,0,0,51,31
02/14/17,0,0,57,41
02/15/17,0,0,49,34
02/16/17,0,0,54,32
02/17/17,0,0,71,47
02/18/17,0.09,0,62,46
02/19/17,0,0,59,44
02/20/17,0,0,74,41
02/21/17,0,0,72,52
02/22/17,0,0,73,57
02/23/17,0,0,72,61
02/24/17,0.86,0,81,54
02/25/17,0,0,54,31
02/26/17,0,0,51,26
02/27/17,0.07,0,60,44
02/28/17,0.42,0,68,48
03/01/17,1.83,0,71,42
03/02/17,0,0,50,33
03/03/17,0,0,43,30
03/04/17,0,0,59,30
03/05/17,0,0,71,34
03/06/17,0.09,0,67,51
03/07/17,0.51,0,67,46
03/08/17,0,0,65,46
03/09/17,0,0,75,43
03/10/17,0,0,54,37
03/11/17,0,0,40,30
03/12/17,0,0,43,25
03/13/17,0.06,0,43,31
03/14/17,0,0,39,25
03/15/17,0,0,40,21
03/16/17,0,0,47,22
03/17/17,0.05,0,52,38
03/18/17,0,0,52,38
03/19/17,0,0,56,32
03/20/17,0,0,74,40
03/21/17,0,0,67,49
03/22/17,0,0,51,36
03/23/17,0,0,65,33
03/24/17,0,0,80,58
03/25/17,0.01,0,80,57
03/26/17,0.43,0,73,56
03/27/17,0.44,0,73,51
03/28/17,0,0,70,56
03/29/17,0,0,68,53
03/30/17,0.13,0,80,55
03/31/17,0.13,0,61,46
04/01/17,0,0,54,45
04/02/17,0,0,69,47
04/03/17,0.24,0,75,57
04/04/17,0.01,0,74,59
04/05/17,0.12,0,83,53
04/06/17,0.05,0,59,43
04/07/17,0,0,60,39
04/08/17,0,0,70,37
04/09/17,0,0,80,48
04/10/17,0,0,83,66
04/11/17,0.5,0,73,57
04/12/17,0,0,74,50
04/13/17,0,0,84,52
04/14/17,0,0,87,55
04/15/17,0,0,86,67
04/16/17,1.39,0,81,62
04/17/17,0,0,75,60
04/18/17,0,0,77,63
04/19/17,0.02,0,85,63
04/20/17,0,0,85,68
04/21/17,0.33,0,72,53
04/22/17,0.24,0,57,49
04/23/17,0,0,64,47
04/24/17,0,0,77,52
04/25/17,0,0,77,56
04/26/17,0,0,86,59
04/27/17,0.33,0,74,54
04/28/17,0.01,0,79,51
04/29/17,1.19,0,86,65
04/30/17,0.04,0,85,70
05/01/17,0.25,0,70,52
05/02/17,0,0,74,52
05/03/17,0,0,66,49
05/04/17,0.97,0,65,53
05/05/17,0.93,0,55,47
05/06/17,0.12,0,62,42
05/07/17,0,0,69,41
05/08/17,0,0,69,45
05/09/17,0,0,86,57
05/10/17,0,0,87,67
05/11/17,0.37,0,78,63
05/12/17,0.06,0,63,56
05/13/17,0,0,77,51
05/14/17,0,0,84,57
05/15/17,0,0,86,60
05/16/17,0,0,87,64
05/17/17,0,0,87,69
05/18/17,0.06,0,88,74
05/19/17,0.03,0,87,69
05/20/17,0.15,0,89,68
05/21/17,1.01,0,82,64
05/22/17,0,0,73,55
05/23/17,0,0,78,57
05/24/17,0.69,0,69,57
05/25/17,0.1,0,70,58
05/26/17,0,0,83,56
05/27/17,0,0,87,67
05/28/17,0,0,77,65
05/29/17,0,0,84,65
05/30/17,0,0,85,64
05/31/17,0,0,84,63
06/01/17,0,0,83,62
06/02/17,0,0,87,61
06/03/17,0,0,90,62
06/04/17,0,0,88,63
06/05/17,0.29,0,86,66
06/06/17,0,0,81,64
06/07/17,0,0,72,61
06/08/17,0,0,76,56
06/09/17,0,0,84,57
06/10/17,0,0,86,63
06/11/17,0,0,90,67
06/12/17,0.04,0,92,73
06/13/17,0,0,94,73
06/14/17,0,0,94,72
06/15/17,0.43,0,83,70
06/16/17,0,0,89,70
06/17/17,0,0,91,71
06/18/17,0.34,0,88,72
06/19/17,0,0,86,68
06/20/17,0,0,89,68
06/21/17,0,0,93,68
06/22/17,0.44,0,82,72
06/23/17,1.13,0,86,71
06/24/17,0,0,82,62
06/25/17,0,0,84,60
06/26/17,0,0,81,60
06/27/17,0.12,0,79,60
06/28/17,0,0,85,59
06/29/17,0.01,0,91,69
06/30/17,0.46,0,88,72
07/01/17,0,0,88,70
07/02/17,0,0,90,72
07/03/17,0,0,89,68
07/04/17,0.04,0,82,74
07/05/17,0,0,83,72
07/06/17,0.95,0,81,71
07/07/17,0.59,0,91,68
07/08/17,0,0,88,67
07/09/17,0,0,88,67
07/10/17,0,0,90,74
07/11/17,0,0,87,77
07/12/17,0,0,92,73
07/13/17,0,0,94,79
07/14/17,0,0,90,76
07/15/17,0,0,87,69
07/16/17,0,0,90,66
07/17/17,0,0,91,70
07/18/17,0.01,0,92,74
07/19/17,0,0,95,72
07/20/17,0,0,95,75
07/21/17,0,0,97,80
07/22/17,0,0,97,81
07/23/17,1.13,0,89,72
07/24/17,0,0,92,75
07/25/17,0,0,88,70
07/26/17,0,0,92,69
07/27/17,0,0,89,78
07/28/17,0.07,0,87,73
07/29/17,0,0,83,65
07/30/17,0,0,87,62
07/31/17,0,0,90,68
08/01/17,0.09,0,90,71
08/02/17,0.1,0,86,70
08/03/17,0,0,90,67
08/04/17,0,0,82,63
08/05/17,0,0,82,58
08/06/17,0.77,0,75,65
08/07/17,0.02,0,80,66
08/08/17,0,0,85,65
08/09/17,0,0,85,63
08/10/17,0,0,89,67
08/11/17,0,0,88,68
08/12/17,0,0,87,71
08/13/17,0,0,87,63
08/14/17,0,0,87,70
08/15/17,0,0,92,74
08/16/17,0,0,93,74
08/17/17,2.56,0,96,74
08/18/17,0,0,88,74
08/19/17,0,0,90,71
08/20/17,0,0,93,71
08/21/17,0,0,93,73
08/22/17,0.39,0,91,72
08/23/17,0,0,83,66
08/24/17,0,0,83,61
08/25/17,0,0,80,61
08/26/17,0,0,82,59
08/27/17,0,0,87,61
08/28/17,0,0,82,68
08/29/17,0.09,0,82,68
08/30/17,0,0,84,66
08/31/17,0.18,0,88,69
09/01/17,3.51,0,74,55
09/02/17,0.44,0,66,55
09/03/17,0,0,83,55
09/04/17,0,0,88,70
09/05/17,0.23,0,77,57
09/06/17,0,0,73,53
09/07/17,0,0,72,51
09/08/17,0,0,79,53
09/09/17,0,0,79,57
09/10/17,0,0,78,52
09/11/17,0,0,72,54
09/12/17,0.3,0,76,60
09/13/17,0.23,0,66,61
09/14/17,0.03,0,77,62
09/15/17,0,0,84,61
09/16/17,0,0,88,64
09/17/17,0,0,88,66
09/18/17,0,0,86,68
09/19/17,0.73,0,77,68
09/20/17,0,0,90,66
09/21/17,0,0,93,70
09/22/17,0,0,91,72
09/23/17,0,0,90,68
09/24/17,0,0,91,68
09/25/17,0,0,90,67
09/26/17,0,0,91,69
09/27/17,0,0,92,67
09/28/17,0,0,76,60
09/29/17,0,0,81,56
09/30/17,0,0,74,53
10/01/17,0,0,78,53
10/02/17,0,0,80,56
10/03/17,0,0,83,61
10/04/17,0,0,84,62
10/05/17,0,0,80,63
10/06/17,0,0,84,62
10/07/17,0.68,0,83,65
10/08/17,1.27,0,72,63
10/09/17,0.02,0,79,69
10/10/17,0.94,0,76,67
10/11/17,0,0,75,59
10/12/17,0,0,67,59
10/13/17,0,0,75,54
10/14/17,0,0,85,56
10/15/17,0.01,0,80,55
10/16/17,0,0,65,49
10/17/17,0,0,67,43
10/18/17,0,0,72,44
10/19/17,0,0,75,48
10/20/17,0,0,78,50
10/21/17,0,0,78,53
10/22/17,0,0,78,57
10/23/17,0.72,0,70,50
10/24/17,0.06,0,61,46
10/25/17,0,0,54,43
10/26/17,0,0,67,39
10/27/17,0.96,0,66,40
10/28/17,0.23,0,43,36
10/29/17,0,0,41,31
10/30/17,0,0,58,31
10/31/17,0,0,51,36
11/01/17,0.17,0,63,41
11/02/17,0,0,73,60
11/03/17,0.85,0,71,54
11/04/17,0,0,70,53
11/05/17,0.01,0,78,64
11/06/17,0.17,0,73,51
11/07/17,0.25,0,52,47
11/08/17,0,0,55,41
11/09/17,0,0,60,36
11/10/17,0,0,44,32
11/11/17,0,0,49,28
11/12/17,0.07,0,55,41
11/13/17,0,0,48,41
11/14/17,0,0,54,41
11/15/17,0.33,0,53,37
11/16/17,0,0,50,35
11/17/17,0,0,59,34
11/18/17,0.18,0,67,42
11/19/17,0,0,43,31
11/20/17,0,0,51,26
11/21/17,0,0,59,41
11/22/17,0,0,46,30
11/23/17,0,0,49,28
11/24/17,0,0,61,31
11/25/17,0,0,63,44
11/26/17,0,0,57,35
11/27/17,0,0,66,34
11/28/17,0,0,66,42
11/29/17,0,0,63,45
11/30/17,0.03,0,57,41
12/01/17,0,0,57,33
12/02/17,0,0,60,36
12/03/17,0,0,62,33
12/04/17,0.04,0,69,41
12/05/17,0.93,0,63,33
12/06/17,0,0,49,29
12/07/17,0,0,39,25
12/08/17,0,0,35,22
12/09/17,0,0,34,21
12/10/17,0,0,44,24
12/11/17,0,0,55,27
12/12/17,0,0,46,22
12/13/17,0,0,50,21
12/14/17,0,0,44,27
12/15/17,0,0,39,28
12/16/17,0,0,53,34
12/17/17,0.01,0,47,39
12/18/17,0.01,0,51,44
12/19/17,0,0,55,45
12/20/17,0,0,56,38
12/21/17,0,0,59,33
12/22/17,0.69,0,59,55
12/23/17,1.03,0,58,38
12/24/17,0.02,0.2,39,23
12/25/17,0,0,32,23
12/26/17,0,0,31,21
12/27/17,0,0,21,8
12/28/17,0,0,26,11
12/29/17,0,0,31,22
12/30/17,0,0,29,12
12/31/17,0,0,21,9
01/01/18,0,0,18,3
01/02/18,0,0,22,0
01/03/18,0,0.1,31,7
01/04/18,0,0,24,7
01/05/18,0,0,21,9
01/06/18,0,0,23,4
01/07/18,0,0,44,11
01/08/18,0.19,0,41,35
01/09/18,0.01,0,44,37
01/10/18,0,0,63,42
01/11/18,0.25,0,66,55
01/12/18,0.58,1.3,59,25
01/13/18,0,0,25,14
01/14/18,0,0,23,9
01/15/18,0.08,1.6,33,17
01/16/18,0.04,1.8,17,6
01/17/18,0,0.2,20,8
01/18/18,0,0,33,12
01/19/18,0,0,44,22
01/20/18,0,0,54,40
01/21/18,0.01,0,59,49
01/22/18,0.14,0,61,50
01/23/18,0,0,51,34
01/24/18,0,0,39,28
01/25/18,0,0,52,24
01/26/18,0,0,61,35
01/27/18,0.46,0,59,49
01/28/18,0,0,55,36
01/29/18,0,0,40,30
01/30/18,0,0,38,25
01/31/18,0,0,58,28
02/01/18,0.12,0.1,50,23
02/02/18,0,0,28,14
02/03/18,0,0,43,17
02/04/18,0.17,0.2,44,24
02/05/18,0,0,32,20
02/06/18,0.07,0,38,31
02/07/18,0.7,0,34,25
02/08/18,0,0,37,19
02/09/18,0,0,60,28
02/10/18,0.11,0,49,38
02/11/18,0.57,0.1,42,30
02/12/18,0,0,45,24
02/13/18,0,0,49,28
02/14/18,0.44,0,63,43
02/15/18,0.04,0,74,62
02/16/18,0.82,0,71,38
02/17/18,0.31,0.4,41,33
02/18/18,0,0,52,30
02/19/18,0,0,78,48
02/20/18,0,0,82,66
02/21/18,0.86,0,72,45
02/22/18,1.51,0,51,43
02/23/18,1.66,0,68,49
02/24/18,2.98,0,64,51
02/25/18,0.11,0,63,44
02/26/18,0,0,60,37
02/27/18,0,0,66,38
02/28/18,0.07,0,62,53
03/01/18,0.12,0,60,43
03/02/18,0,0,52,35
03/03/18,0,0,55,32
03/04/18,0,0,55,33
03/05/18,0,0,53,37
03/06/18,0.02,0,62,36
03/07/18,0.01,0,43,33
03/08/18,0,0.2,39,30
03/09/18,0.11,0,48,27
03/10/18,0.47,0,50,36
03/11/18,0.25,2.4,50,33
03/12/18,0,0,45,32
03/13/18,0.02,0.7,47,30
03/14/18,0,0,45,25
03/15/18,0,0,66,38
03/16/18,0,0,53,34
03/17/18,0.01,0,64,42
03/18/18,0,0,62,38
03/19/18,0.25,0,62,41
03/20/18,0.57,3.7,49,33
03/21/18,0.45,4.9,40,30
03/22/18,0,0,48,25
03/23/18,0,0,54,33
03/24/18,1.22,0,47,36
03/25/18,0,0,53,35
03/26/18,0.07,0,64,44
03/27/18,0,0,69,50
03/28/18,0.43,0,62,57
03/29/18,0.76,0,63,48
03/30/18,0.1,0,58,44
03/31/18,0.19,0,67,36
04/01/18,0.8,0,53,38
04/02/18,0,0,52,38
04/03/18,0.41,0,80,48
04/04/18,0,0,48,34
04/05/18,0,0,56,30
04/06/18,0,0,65,35
04/07/18,0.05,1,46,30
04/08/18,0,0,47,31
04/09/18,0.05,0,53,35
04/10/18,0,0,49,37
04/11/18,0,0,68,33
04/12/18,0,0,83,59
04/13/18,0,0,83,67
04/14/18,0.64,0,74,62
04/15/18,0.55,0,62,42
04/16/18,0.04,0.2,42,33
04/17/18,0,0,62,32
04/18/18,0.05,0,80,41
04/19/18,0,0,55,39
04/20/18,0,0,64,36
04/21/18,0,0,71,45
04/22/18,0,0,74,53
04/23/18,0.62,0,64,52
04/24/18,0.19,0,59,54
04/25/18,0,0,70,54
04/26/18,0,0,72,48
04/27/18,0,0,76,46
04/28/18,0,0,65,48
04/29/18,0,0,65,37
04/30/18,0,0,76,40
05/01/18,0,0,84,49
05/02/18,0,0,88,68
05/03/18,0,0,81,72
05/04/18,0,0,82,69
05/05/18,3.15,0,70,61
05/06/18,0.05,0,82,59
05/07/18,0,0,76,57
05/08/18,0,0,80,53
05/09/18,0,0,86,56
05/10/18,0.09,0,87,69
05/11/18,0,0,88,66
05/12/18,0,0,89,71
05/13/18,0,0,89,69
05/14/18,0,0,92,72
05/15/18,0,0,91,73
05/16/18,0.07,0,82,70
05/17/18,0.2,0,83,67
05/18/18,0.03,0,78,69
05/19/18,0,0,83,69
05/20/18,0,0,91,67
05/21/18,0.09,0,88,70
05/22/18,0.24,0,84,70
05/23/18,0,0,86,68
05/24/18,0,0,87,65
05/25/18,0,0,89,64
05/26/18,0,0,87,71
05/27/18,0.26,0,89,70
05/28/18,0.34,0,90,71
05/29/18,0.1,0,87,71
05/30/18,0.08,0,86,75
05/31/18,0.28,0,84,70
06/01/18,1.22,0,87,67
06/02/18,0,0,91,70
06/03/18,0,0,84,68
06/04/18,0,0,80,60
06/05/18,0,0,85,61
06/06/18,0,0,83,66
06/07/18,0,0,88,64
06/08/18,0,0,91,72
06/09/18,0.26,0,93,71
06/10/18,0.38,0,87,69
06/11/18,1.08,0,81,69
06/12/18,0.05,0,88,70
06/13/18,0,0,86,72
06/14/18,0,0,88,69
06/15/18,0,0,92,69
06/16/18,0,0,94,73
06/17/18,0,0,95,76
06/18/18,0,0,94,78
06/19/18,0,0,93,78
06/20/18,0.4,0,91,76
06/21/18,0.08,0,83,73
06/22/18,0.32,0,78,68
06/23/18,0,0,82,68
06/24/18,0,0,89,72
06/25/18,1.01,0,81,71
06/26/18,1.54,0,87,71
06/27/18,0.04,0,87,70
06/28/18,0,0,91,74
06/29/18,0,0,92,75
06/30/18,0,0,94,75
07/01/18,0,0,94,78
07/02/18,0.75,0,94,75
07/03/18,0.14,0,91,75
07/04/18,0,0,97,76
07/05/18,0,0,98,80
07/06/18,0,0,89,74
07/07/18,0,0,86,64
07/08/18,0,0,91,68
07/09/18,0,0,92,74
07/10/18,0,0,94,76
07/11/18,0,0,92,77
07/12/18,0,0,89,69
07/13/18,0,0,93,68
07/14/18,0,0,95,72
07/15/18,0.37,0,84,73
07/16/18,0.25,0,88,74
07/17/18,0,0,90,75
07/18/18,0,0,88,68
07/19/18,0,0,90,66
07/20/18,2.35,0,91,69
07/21/18,0.04,0,84,66
07/22/18,0.22,0,83,67
07/23/18,0,0,82,65
07/24/18,0,0,86,69
07/25/18,0,0,90,69
07/26/18,0,0,88,70
07/27/18,0,0,84,68
07/28/18,0,0,83,65
07/29/18,0,0,86,66
07/30/18,0.36,0,84,71
07/31/18,0.65,0,82,69
08/01/18,0.94,0,82,70
08/02/18,0,0,84,70
08/03/18,0,0,89,69
08/04/18,0,0,91,72
08/05/18,0,0,93,73
08/06/18,0,0,92,74
08/07/18,0,0,88,76
08/08/18,0.56,0,87,74
08/09/18,0,0,88,74
08/10/18,0,0,86,71
08/11/18,0,0,89,71
08/12/18,0,0,89,71
08/13/18,0,0,89,69
08/14/18,0,0,90,69
08/15/18,0.44,0,81,69
08/16/18,3.18,0,86,70
08/17/18,0,0,87,76
08/18/18,0.37,0,87,74
08/19/18,0,0,90,71
08/20/18,0.18,0,87,73
08/21/18,0.16,0,83,71
08/22/18,0.03,0,80,65
08/23/18,0,0,82,60
08/24/18,0,0,78,61
08/25/18,0.03,0,88,72
08/26/18,0,0,90,77
08/27/18,0,0,92,78
08/28/18,0,0,93,77
08/29/18,0.13,0,92,76
08/30/18,0,0,88,73
08/31/18,1.21,0,89,72
09/01/18,0,0,89,72
09/02/18,0,0,93,72
09/03/18,0,0,93,74
09/04/18,0,0,94,76
09/05/18,0,0,90,76
09/06/18,0.68,0,87,73
09/07/18,0.02,0,88,74
09/08/18,3.84,0,76,66
09/09/18,0.08,0,67,62
09/10/18,0.04,0,68,59
09/11/18,0,0,72,58
09/12/18,0,0,81,62
09/13/18,0,0,89,65
09/14/18,0,0,91,70
09/15/18,0,0,92,71
09/16/18,0,0,85,72
09/17/18,0.13,0,85,72
09/18/18,0,0,93,72
09/19/18,0,0,93,73
09/20/18,0,0,94,74
09/21/18,0.05,0,91,74
09/22/18,0.57,0,74,62
09/23/18,1.7,0,68,61
09/24/18,2.49,0,74,65
09/25/18,0.71,0,83,71
09/26/18,0.56,0,77,61
09/27/18,0.04,0,63,56
09/28/18,0,0,72,53
09/29/18,0,0,77,56
09/30/18,0,0,82,58
10/01/18,0,0,87,63
10/02/18,0,0,87,73
10/03/18,0,0,88,70
10/04/18,0,0,87,71
10/05/18,0.26,0,92,70
10/06/18,0,0,90,72
10/07/18,0,0,90,70
10/08/18,0,0,89,72
10/09/18,0,0,88,72
10/10/18,0.13,0,83,71
10/11/18,0,0,74,49
10/12/18,0.16,0,60,42
10/13/18,0,0,52,41
10/14/18,0.3,0,60,48
10/15/18,0.19,0,61,46
10/16/18,0,0,54,43
10/17/18,0,0,65,43
10/18/18,0,0,60,41
10/19/18,0.19,0,65,38
10/20/18,0,0,66,41
10/21/18,0,0,55,34
10/22/18,0,0,67,36
10/23/18,0,0,71,43
10/24/18,0,0,61,38
10/25/18,0,0,57,44
10/26/18,0.41,0,55,48
10/27/18,0,0,56,47
10/28/18,0.01,0,69,43
10/29/18,0,0,65,42
10/30/18,0,0,73,43
10/31/18,1.14,0,69,61
11/01/18,1.35,0,67,49
11/02/18,0.01,0,52,42
11/03/18,0,0,60,39
11/04/18,0.11,0,64,47
11/05/18,1.24,0,64,53
11/06/18,0.05,0,64,50
11/07/18,0,0,60,43
11/08/18,0,0,47,36
11/09/18,0.16,0,48,34
11/10/18,0,0,40,23
11/11/18,0,0,50,22
11/12/18,0.07,0,45,36
11/13/18,0.04,0,39,30
11/14/18,0.75,0,35,27
11/15/18,0.37,0.3,37,32
11/16/18,0,0,43,32
11/17/18,0,0,50,29
11/18/18,0,0,62,35
11/19/18,0.05,0,49,42
11/20/18,0,0,42,33
11/21/18,0,0,52,30
11/22/18,0,0,56,32
11/23/18,0.2,0,56,35
11/24/18,0.13,0,60,44
11/25/18,0.11,0,63,37
11/26/18,0.01,0,53,30
11/27/18,0,0.2,30,23
11/28/18,0,0,34,23
11/29/18,0.05,0,50,30
11/30/18,0.06,0,56,49
12/01/18,1.62,0,63,52
12/02/18,0,0,67,46
12/03/18,0.02,0,46,39
12/04/18,0,0,40,34
12/05/18,0,0,36,28
12/06/18,0,0,47,27
12/07/18,0,0,43,27
12/08/18,0,0,32,27
12/09/18,0,0,45,28
12/10/18,0,0,44,22
12/11/18,0,0,49,21
12/12/18,0,0,55,36
12/13/18,0,0,60,48
12/14/18,0.2,0,52,48
12/15/18,1.51,0,52,45
12/16/18,0,0,53,40
12/17/18,0,0,55,34
12/18/18,0,0,50,31
12/19/18,0,0,59,32
12/20/18,0.54,0,52,46
12/21/18,0.04,0,47,37
12/22/18,0,0,46,34
12/23/18,0,0,43,33
12/24/18,0,0,51,30
12/25/18,0,0,50,34
12/26/18,0,0,53,29
12/27/18,0.42,0,60,41
12/28/18,0.07,0,61,36
12/29/18,0,0,40,35
12/30/18,0,0,50,33
12/31/18,1.48,0,65,44
01/01/19,0,0,54,42
01/02/19,0,0,45,40
01/03/19,0,0,45,37
01/04/19,0.68,0,47,37
01/05/19,0,0,57,36
01/06/19,0,0,59,36
01/07/19,0,0,65,48
01/08/19,0,0,67,44
01/09/19,0,0,44,26
01/10/19,0,0,34,24
01/11/19,0.03,0.8,37,23
01/12/19,0.32,2.1,40,31
01/13/19,0.15,0,39,33
01/14/19,0,0,37,28
01/15/19,0,0,36,28
01/16/19,0,0,41,36
01/17/19,0.14,0,46,40
01/18/19,0,0,42,38
01/19/19,0.88,1.1,48,25
01/20/19,0.07,1.2,26,15
01/21/19,0,0,24,11
01/22/19,0,0,49,20
01/23/19,0.86,0,54,31
01/24/19,0,0,36,25
01/25/19,0,0,28,14
01/26/19,0,0,42,25
01/27/19,0,0,43,28
01/28/19,0.04,0,53,26
01/29/19,0.03,1.3,26,15
03/13/19,0,0,71,59
